,wd,ws,freq_val
0.0,0.0,0.0,5.431712510320254e-05
1.0,0.0,1.0,0.00023356363794377092
2.0,0.0,2.0,0.00046712727588754183
3.0,0.0,3.0,0.000597488376135228
4.0,0.0,4.0,0.0008201885890583583
5.0,0.0,5.0,0.0009777082518576457
6.0,0.0,6.0,0.0009614131143266849
7.0,0.0,7.0,0.0010863425020640508
8.0,0.0,8.0,0.0011895450397601355
9.0,0.0,9.0,0.0012221353148220572
10.0,0.0,10.0,0.0010972059270846913
11.0,0.0,11.0,0.0009777082518576457
12.0,0.0,12.0,0.0007332811888932343
13.0,0.0,13.0,0.0006789640637900317
14.0,0.0,14.0,0.0006083518011558685
15.0,0.0,15.0,0.0004345370008256203
16.0,0.0,16.0,0.0002661539130056924
17.0,0.0,17.0,0.00013579281275800635
18.0,0.0,18.0,0.00015751966279928736
19.0,0.0,19.0,0.00014665623777864684
20.0,0.0,20.0,0.00015751966279928736
21.0,0.0,21.0,0.00011406596271672534
22.0,0.0,22.0,3.802198757224178e-05
23.0,0.0,23.0,4.345370008256203e-05
24.0,0.0,24.0,3.259027506192152e-05
25.0,0.0,25.0,1.629513753096076e-05
26.0,0.0,26.0,1.629513753096076e-05
27.0,0.0,27.0,2.1726850041281015e-05
28.0,0.0,28.0,2.1726850041281015e-05
29.0,0.0,29.0,1.629513753096076e-05
30.0,0.0,30.0,1.0863425020640507e-05
31.0,0.0,31.0,5.431712510320254e-06
32.0,0.0,32.0,5.431712510320254e-06
33.0,0.0,33.0,0.0
34.0,0.0,34.0,0.0
35.0,0.0,35.0,5.431712510320254e-06
36.0,0.0,36.0,0.0
37.0,0.0,37.0,0.0
38.0,0.0,38.0,0.0
39.0,5.0,0.0,3.802198757224178e-05
40.0,5.0,1.0,0.0003313344631295355
41.0,5.0,2.0,0.0005160126884804241
42.0,5.0,3.0,0.0007604397514448355
43.0,5.0,4.0,0.0009559814018163646
44.0,5.0,5.0,0.0009994351018989267
45.0,5.0,6.0,0.0011515230521878938
46.0,5.0,7.0,0.0012655890149046191
47.0,5.0,8.0,0.0010428888019814887
48.0,5.0,9.0,0.0009777082518576457
49.0,5.0,10.0,0.0011189327771259723
50.0,5.0,11.0,0.0008962325642028418
51.0,5.0,12.0,0.0006952592013209925
52.0,5.0,13.0,0.0005920566636249076
53.0,5.0,14.0,0.00042910528831530007
54.0,5.0,15.0,0.0004345370008256203
55.0,5.0,16.0,0.0002824490505366532
56.0,5.0,17.0,0.0002715856255160127
57.0,5.0,18.0,0.00024442706296441143
58.0,5.0,19.0,0.00016838308781992787
59.0,5.0,20.0,0.00015751966279928736
60.0,5.0,21.0,0.00015751966279928736
61.0,5.0,22.0,8.690740016512406e-05
62.0,5.0,23.0,6.518055012384304e-05
63.0,5.0,24.0,5.974883761352279e-05
64.0,5.0,25.0,9.233911267544432e-05
65.0,5.0,26.0,4.345370008256203e-05
66.0,5.0,27.0,5.974883761352279e-05
67.0,5.0,28.0,3.259027506192152e-05
68.0,5.0,29.0,2.1726850041281015e-05
69.0,5.0,30.0,5.431712510320254e-06
70.0,5.0,31.0,5.431712510320254e-06
71.0,5.0,32.0,0.0
72.0,5.0,33.0,0.0
73.0,5.0,34.0,0.0
74.0,5.0,35.0,0.0
75.0,5.0,36.0,0.0
76.0,5.0,37.0,0.0
77.0,5.0,38.0,0.0
78.0,10.0,0.0,7.604397514448356e-05
79.0,10.0,1.0,0.0003584930256811367
80.0,10.0,2.0,0.0005160126884804241
81.0,10.0,3.0,0.0007115543388519532
82.0,10.0,4.0,0.0008636422891409204
83.0,10.0,5.0,0.0010646156520227696
84.0,10.0,6.0,0.0012275670273323774
85.0,10.0,7.0,0.00107004736453309
86.0,10.0,8.0,0.0011026376395950116
87.0,10.0,9.0,0.0011243644896362925
88.0,10.0,10.0,0.0008908008516925216
89.0,10.0,11.0,0.0008908008516925216
90.0,10.0,12.0,0.0006898274888106722
91.0,10.0,13.0,0.0005486029635423457
92.0,10.0,14.0,0.00045626385086690134
93.0,10.0,15.0,0.0004128101507843393
94.0,10.0,16.0,0.0002715856255160127
95.0,10.0,17.0,0.00021726850041281016
96.0,10.0,18.0,0.0002552904879850519
97.0,10.0,19.0,0.00015751966279928736
98.0,10.0,20.0,0.00020640507539216964
99.0,10.0,21.0,0.00011949767522704558
100.0,10.0,22.0,6.518055012384304e-05
101.0,10.0,23.0,4.888541259288228e-05
102.0,10.0,24.0,3.259027506192152e-05
103.0,10.0,25.0,1.0863425020640507e-05
104.0,10.0,26.0,2.715856255160127e-05
105.0,10.0,27.0,2.1726850041281015e-05
106.0,10.0,28.0,2.1726850041281015e-05
107.0,10.0,29.0,0.0
108.0,10.0,30.0,1.0863425020640507e-05
109.0,10.0,31.0,1.0863425020640507e-05
110.0,10.0,32.0,5.431712510320254e-06
111.0,10.0,33.0,0.0
112.0,10.0,34.0,0.0
113.0,10.0,35.0,0.0
114.0,10.0,36.0,0.0
115.0,10.0,37.0,0.0
116.0,10.0,38.0,0.0
117.0,15.0,0.0,7.604397514448356e-05
118.0,15.0,1.0,0.00032047103810889496
119.0,15.0,2.0,0.0005540346760526659
120.0,15.0,3.0,0.000684395776300352
121.0,15.0,4.0,0.0007604397514448355
122.0,15.0,5.0,0.0009885716768782862
123.0,15.0,6.0,0.0010972059270846913
124.0,15.0,7.0,0.0010428888019814887
125.0,15.0,8.0,0.0010211619519402077
126.0,15.0,9.0,0.0010157302394298874
127.0,15.0,10.0,0.0009668448268370051
128.0,15.0,11.0,0.0008419154390996393
129.0,15.0,12.0,0.0006735323512797115
130.0,15.0,13.0,0.0005160126884804241
131.0,15.0,14.0,0.00042910528831530007
132.0,15.0,15.0,0.00036935645070177727
133.0,15.0,16.0,0.0003530613131708165
134.0,15.0,17.0,0.0002715856255160127
135.0,15.0,18.0,0.0001412245252683266
136.0,15.0,19.0,0.00011949767522704558
137.0,15.0,20.0,0.00011406596271672534
138.0,15.0,21.0,0.00010863425020640508
139.0,15.0,22.0,5.431712510320254e-05
140.0,15.0,23.0,8.690740016512406e-05
141.0,15.0,24.0,4.345370008256203e-05
142.0,15.0,25.0,2.715856255160127e-05
143.0,15.0,26.0,5.431712510320254e-06
144.0,15.0,27.0,2.1726850041281015e-05
145.0,15.0,28.0,5.431712510320254e-06
146.0,15.0,29.0,2.1726850041281015e-05
147.0,15.0,30.0,5.431712510320254e-06
148.0,15.0,31.0,2.1726850041281015e-05
149.0,15.0,32.0,1.0863425020640507e-05
150.0,15.0,33.0,0.0
151.0,15.0,34.0,0.0
152.0,15.0,35.0,0.0
153.0,15.0,36.0,0.0
154.0,15.0,37.0,0.0
155.0,15.0,38.0,0.0
156.0,20.0,0.0,7.604397514448356e-05
157.0,20.0,1.0,0.000298744188067614
158.0,20.0,2.0,0.0005214444009907443
159.0,20.0,3.0,0.0006789640637900317
160.0,20.0,4.0,0.0009016642767131621
161.0,20.0,5.0,0.0009396862642854039
162.0,20.0,6.0,0.0009994351018989267
163.0,20.0,7.0,0.0009777082518576457
164.0,20.0,8.0,0.0010972059270846913
165.0,20.0,9.0,0.0008799374266718811
166.0,20.0,10.0,0.0008093251640377178
167.0,20.0,11.0,0.0008147568765480381
168.0,20.0,12.0,0.0006409420762177899
169.0,20.0,13.0,0.0006409420762177899
170.0,20.0,14.0,0.000342197888150176
171.0,20.0,15.0,0.00023899535045409116
172.0,20.0,16.0,0.00021726850041281016
173.0,20.0,17.0,0.00024442706296441143
174.0,20.0,18.0,0.00022813192543345067
175.0,20.0,19.0,0.00016838308781992787
176.0,20.0,20.0,0.00012492938773736584
177.0,20.0,21.0,5.431712510320254e-05
178.0,20.0,22.0,5.974883761352279e-05
179.0,20.0,23.0,2.1726850041281015e-05
180.0,20.0,24.0,5.974883761352279e-05
181.0,20.0,25.0,3.802198757224178e-05
182.0,20.0,26.0,2.1726850041281015e-05
183.0,20.0,27.0,1.629513753096076e-05
184.0,20.0,28.0,1.0863425020640507e-05
185.0,20.0,29.0,3.802198757224178e-05
186.0,20.0,30.0,0.0
187.0,20.0,31.0,0.0
188.0,20.0,32.0,1.629513753096076e-05
189.0,20.0,33.0,5.431712510320254e-06
190.0,20.0,34.0,1.629513753096076e-05
191.0,20.0,35.0,1.629513753096076e-05
192.0,20.0,36.0,0.0
193.0,20.0,37.0,0.0
194.0,20.0,38.0,0.0
195.0,25.0,0.0,0.00010320253769608482
196.0,25.0,1.0,0.00040737843827401903
197.0,25.0,2.0,0.0005431712510320254
198.0,25.0,3.0,0.0006083518011558685
199.0,25.0,4.0,0.0007387129014035545
200.0,25.0,5.0,0.0008582105766306001
201.0,25.0,6.0,0.0009451179767957242
202.0,25.0,7.0,0.0009070959892234823
203.0,25.0,8.0,0.0010863425020640508
204.0,25.0,9.0,0.0009125277017338027
205.0,25.0,10.0,0.0008636422891409204
206.0,25.0,11.0,0.0008799374266718811
207.0,25.0,12.0,0.0005811932386042671
208.0,25.0,13.0,0.0004182418632946595
209.0,25.0,14.0,0.00036935645070177727
210.0,25.0,15.0,0.00027701733802633295
211.0,25.0,16.0,0.00016838308781992787
212.0,25.0,17.0,0.00018467822535088863
213.0,25.0,18.0,0.00020640507539216964
214.0,25.0,19.0,0.00019554165037152912
215.0,25.0,20.0,0.0002227002129231304
216.0,25.0,21.0,7.604397514448356e-05
217.0,25.0,22.0,0.00010863425020640508
218.0,25.0,23.0,5.431712510320254e-05
219.0,25.0,24.0,2.1726850041281015e-05
220.0,25.0,25.0,1.629513753096076e-05
221.0,25.0,26.0,1.0863425020640507e-05
222.0,25.0,27.0,1.0863425020640507e-05
223.0,25.0,28.0,5.431712510320254e-06
224.0,25.0,29.0,0.0
225.0,25.0,30.0,1.0863425020640507e-05
226.0,25.0,31.0,5.431712510320254e-06
227.0,25.0,32.0,1.0863425020640507e-05
228.0,25.0,33.0,5.431712510320254e-06
229.0,25.0,34.0,5.431712510320254e-06
230.0,25.0,35.0,0.0
231.0,25.0,36.0,0.0
232.0,25.0,37.0,0.0
233.0,25.0,38.0,0.0
234.0,30.0,0.0,9.777082518576456e-05
235.0,30.0,1.0,0.00034762960066049624
236.0,30.0,2.0,0.0005214444009907443
237.0,30.0,3.0,0.0006789640637900317
238.0,30.0,4.0,0.0007115543388519532
239.0,30.0,5.0,0.0008908008516925216
240.0,30.0,6.0,0.0009777082518576457
241.0,30.0,7.0,0.0010211619519402077
242.0,30.0,8.0,0.0009233911267544432
243.0,30.0,9.0,0.0007658714639551558
244.0,30.0,10.0,0.0007930300265067571
245.0,30.0,11.0,0.0007767348889757962
246.0,30.0,12.0,0.0005214444009907443
247.0,30.0,13.0,0.0003530613131708165
248.0,30.0,14.0,0.00030960761308825447
249.0,30.0,15.0,0.0003259027506192152
250.0,30.0,16.0,0.00019010993786120888
251.0,30.0,17.0,0.00019010993786120888
252.0,30.0,18.0,0.00021183678790248988
253.0,30.0,19.0,0.00019010993786120888
254.0,30.0,20.0,0.00019554165037152912
255.0,30.0,21.0,0.00010863425020640508
256.0,30.0,22.0,0.00010863425020640508
257.0,30.0,23.0,9.233911267544432e-05
258.0,30.0,24.0,2.715856255160127e-05
259.0,30.0,25.0,2.1726850041281015e-05
260.0,30.0,26.0,4.345370008256203e-05
261.0,30.0,27.0,2.715856255160127e-05
262.0,30.0,28.0,5.431712510320254e-06
263.0,30.0,29.0,1.629513753096076e-05
264.0,30.0,30.0,5.431712510320254e-06
265.0,30.0,31.0,1.629513753096076e-05
266.0,30.0,32.0,5.431712510320254e-06
267.0,30.0,33.0,5.431712510320254e-06
268.0,30.0,34.0,5.431712510320254e-06
269.0,30.0,35.0,0.0
270.0,30.0,36.0,0.0
271.0,30.0,37.0,0.0
272.0,30.0,38.0,0.0
273.0,35.0,0.0,9.233911267544432e-05
274.0,35.0,1.0,0.00030417590057793423
275.0,35.0,2.0,0.0004942858384391431
276.0,35.0,3.0,0.0006192152261765089
277.0,35.0,4.0,0.0007169860513622735
278.0,35.0,5.0,0.000749576326424195
279.0,35.0,6.0,0.0008745057141615609
280.0,35.0,7.0,0.0010102985269195672
281.0,35.0,8.0,0.0010809107895537306
282.0,35.0,9.0,0.0008473471516099595
283.0,35.0,10.0,0.0006898274888106722
284.0,35.0,11.0,0.0006681006387693913
285.0,35.0,12.0,0.0005486029635423457
286.0,35.0,13.0,0.00039651501325337855
287.0,35.0,14.0,0.0002824490505366532
288.0,35.0,15.0,0.00022813192543345067
289.0,35.0,16.0,0.00018467822535088863
290.0,35.0,17.0,0.0001629513753096076
291.0,35.0,18.0,0.00011406596271672534
292.0,35.0,19.0,0.00015208795028896711
293.0,35.0,20.0,0.00015208795028896711
294.0,35.0,21.0,7.06122626341633e-05
295.0,35.0,22.0,0.00010863425020640508
296.0,35.0,23.0,8.14756876548038e-05
297.0,35.0,24.0,7.06122626341633e-05
298.0,35.0,25.0,3.802198757224178e-05
299.0,35.0,26.0,5.431712510320254e-05
300.0,35.0,27.0,2.715856255160127e-05
301.0,35.0,28.0,1.629513753096076e-05
302.0,35.0,29.0,0.0
303.0,35.0,30.0,5.431712510320254e-06
304.0,35.0,31.0,1.629513753096076e-05
305.0,35.0,32.0,0.0
306.0,35.0,33.0,5.431712510320254e-06
307.0,35.0,34.0,1.0863425020640507e-05
308.0,35.0,35.0,0.0
309.0,35.0,36.0,0.0
310.0,35.0,37.0,0.0
311.0,35.0,38.0,0.0
312.0,40.0,0.0,9.777082518576456e-05
313.0,40.0,1.0,0.00030417590057793423
314.0,40.0,2.0,0.0004725589883978621
315.0,40.0,3.0,0.0006572372137487507
316.0,40.0,4.0,0.0007169860513622735
317.0,40.0,5.0,0.0007604397514448355
318.0,40.0,6.0,0.0008527788641202799
319.0,40.0,7.0,0.0009668448268370051
320.0,40.0,8.0,0.0008962325642028418
321.0,40.0,9.0,0.0007930300265067571
322.0,40.0,10.0,0.0006789640637900317
323.0,40.0,11.0,0.0005431712510320254
324.0,40.0,12.0,0.000597488376135228
325.0,40.0,13.0,0.00039651501325337855
326.0,40.0,14.0,0.0002715856255160127
327.0,40.0,15.0,0.00019554165037152912
328.0,40.0,16.0,0.00022813192543345067
329.0,40.0,17.0,0.0001629513753096076
330.0,40.0,18.0,7.604397514448356e-05
331.0,40.0,19.0,0.00010863425020640508
332.0,40.0,20.0,5.431712510320254e-05
333.0,40.0,21.0,8.14756876548038e-05
334.0,40.0,22.0,8.690740016512406e-05
335.0,40.0,23.0,5.974883761352279e-05
336.0,40.0,24.0,0.00012492938773736584
337.0,40.0,25.0,4.345370008256203e-05
338.0,40.0,26.0,4.888541259288228e-05
339.0,40.0,27.0,4.345370008256203e-05
340.0,40.0,28.0,5.431712510320254e-06
341.0,40.0,29.0,2.1726850041281015e-05
342.0,40.0,30.0,5.431712510320254e-06
343.0,40.0,31.0,5.431712510320254e-06
344.0,40.0,32.0,5.431712510320254e-06
345.0,40.0,33.0,5.431712510320254e-06
346.0,40.0,34.0,0.0
347.0,40.0,35.0,0.0
348.0,40.0,36.0,0.0
349.0,40.0,37.0,0.0
350.0,40.0,38.0,0.0
351.0,45.0,0.0,0.00010320253769608482
352.0,45.0,1.0,0.0003150393255985747
353.0,45.0,2.0,0.0005160126884804241
354.0,45.0,3.0,0.0007006909138313127
355.0,45.0,4.0,0.000684395776300352
356.0,45.0,5.0,0.0008799374266718811
357.0,45.0,6.0,0.0008745057141615609
358.0,45.0,7.0,0.0007169860513622735
359.0,45.0,8.0,0.000771303176465476
360.0,45.0,9.0,0.0008853691391822014
361.0,45.0,10.0,0.0006735323512797115
362.0,45.0,11.0,0.0006300786511971494
363.0,45.0,12.0,0.0005920566636249076
364.0,45.0,13.0,0.00039108330074305825
365.0,45.0,14.0,0.00038021987572241776
366.0,45.0,15.0,0.00024442706296441143
367.0,45.0,16.0,0.000298744188067614
368.0,45.0,17.0,0.00013579281275800635
369.0,45.0,18.0,0.00010320253769608482
370.0,45.0,19.0,9.777082518576456e-05
371.0,45.0,20.0,8.690740016512406e-05
372.0,45.0,21.0,6.518055012384304e-05
373.0,45.0,22.0,7.06122626341633e-05
374.0,45.0,23.0,4.345370008256203e-05
375.0,45.0,24.0,5.431712510320254e-05
376.0,45.0,25.0,2.1726850041281015e-05
377.0,45.0,26.0,1.629513753096076e-05
378.0,45.0,27.0,5.431712510320254e-05
379.0,45.0,28.0,3.259027506192152e-05
380.0,45.0,29.0,2.1726850041281015e-05
381.0,45.0,30.0,3.802198757224178e-05
382.0,45.0,31.0,1.629513753096076e-05
383.0,45.0,32.0,0.0
384.0,45.0,33.0,0.0
385.0,45.0,34.0,0.0
386.0,45.0,35.0,0.0
387.0,45.0,36.0,0.0
388.0,45.0,37.0,0.0
389.0,45.0,38.0,0.0
390.0,50.0,0.0,7.06122626341633e-05
391.0,50.0,1.0,0.000298744188067614
392.0,50.0,2.0,0.0004725589883978621
393.0,50.0,3.0,0.000662668926259071
394.0,50.0,4.0,0.0007875983139964368
395.0,50.0,5.0,0.0008310520140789988
396.0,50.0,6.0,0.0007115543388519532
397.0,50.0,7.0,0.0007875983139964368
398.0,50.0,8.0,0.0008582105766306001
399.0,50.0,9.0,0.0008419154390996393
400.0,50.0,10.0,0.0006681006387693913
401.0,50.0,11.0,0.0006137835136661887
402.0,50.0,12.0,0.0005377395385217052
403.0,50.0,13.0,0.00042910528831530007
404.0,50.0,14.0,0.0003259027506192152
405.0,50.0,15.0,0.0003530613131708165
406.0,50.0,16.0,0.00023356363794377092
407.0,50.0,17.0,0.0002227002129231304
408.0,50.0,18.0,0.00017924651284056836
409.0,50.0,19.0,0.00017924651284056836
410.0,50.0,20.0,9.233911267544432e-05
411.0,50.0,21.0,0.00011406596271672534
412.0,50.0,22.0,0.00010320253769608482
413.0,50.0,23.0,9.777082518576456e-05
414.0,50.0,24.0,7.604397514448356e-05
415.0,50.0,25.0,4.888541259288228e-05
416.0,50.0,26.0,4.345370008256203e-05
417.0,50.0,27.0,5.974883761352279e-05
418.0,50.0,28.0,3.802198757224178e-05
419.0,50.0,29.0,5.431712510320254e-06
420.0,50.0,30.0,5.431712510320254e-06
421.0,50.0,31.0,0.0
422.0,50.0,32.0,0.0
423.0,50.0,33.0,0.0
424.0,50.0,34.0,0.0
425.0,50.0,35.0,0.0
426.0,50.0,36.0,0.0
427.0,50.0,37.0,0.0
428.0,50.0,38.0,0.0
429.0,55.0,0.0,9.233911267544432e-05
430.0,55.0,1.0,0.0002552904879850519
431.0,55.0,2.0,0.0005051492634597836
432.0,55.0,3.0,0.0006572372137487507
433.0,55.0,4.0,0.0008310520140789988
434.0,55.0,5.0,0.000749576326424195
435.0,55.0,6.0,0.0008147568765480381
436.0,55.0,7.0,0.0008256203015686786
437.0,55.0,8.0,0.0007332811888932343
438.0,55.0,9.0,0.0006137835136661887
439.0,55.0,10.0,0.0005757615260939469
440.0,55.0,11.0,0.0005486029635423457
441.0,55.0,12.0,0.0004942858384391431
442.0,55.0,13.0,0.000342197888150176
443.0,55.0,14.0,0.0002824490505366532
444.0,55.0,15.0,0.0002715856255160127
445.0,55.0,16.0,0.00024442706296441143
446.0,55.0,17.0,0.00023356363794377092
447.0,55.0,18.0,0.00011406596271672534
448.0,55.0,19.0,0.00013579281275800635
449.0,55.0,20.0,5.431712510320254e-05
450.0,55.0,21.0,7.604397514448356e-05
451.0,55.0,22.0,8.14756876548038e-05
452.0,55.0,23.0,0.00013579281275800635
453.0,55.0,24.0,5.974883761352279e-05
454.0,55.0,25.0,3.802198757224178e-05
455.0,55.0,26.0,2.715856255160127e-05
456.0,55.0,27.0,5.974883761352279e-05
457.0,55.0,28.0,1.0863425020640507e-05
458.0,55.0,29.0,5.431712510320254e-06
459.0,55.0,30.0,1.629513753096076e-05
460.0,55.0,31.0,0.0
461.0,55.0,32.0,0.0
462.0,55.0,33.0,0.0
463.0,55.0,34.0,0.0
464.0,55.0,35.0,0.0
465.0,55.0,36.0,0.0
466.0,55.0,37.0,0.0
467.0,55.0,38.0,0.0
468.0,60.0,0.0,7.604397514448356e-05
469.0,60.0,1.0,0.0002824490505366532
470.0,60.0,2.0,0.0004616955633772216
471.0,60.0,3.0,0.0006137835136661887
472.0,60.0,4.0,0.0007550080389345153
473.0,60.0,5.0,0.0008962325642028418
474.0,60.0,6.0,0.0008799374266718811
475.0,60.0,7.0,0.0007550080389345153
476.0,60.0,8.0,0.0007767348889757962
477.0,60.0,9.0,0.0008473471516099595
478.0,60.0,10.0,0.0005811932386042671
479.0,60.0,11.0,0.00039108330074305825
480.0,60.0,12.0,0.0003584930256811367
481.0,60.0,13.0,0.000342197888150176
482.0,60.0,14.0,0.00023899535045409116
483.0,60.0,15.0,0.00021183678790248988
484.0,60.0,16.0,0.00017924651284056836
485.0,60.0,17.0,0.00015208795028896711
486.0,60.0,18.0,0.00013579281275800635
487.0,60.0,19.0,9.233911267544432e-05
488.0,60.0,20.0,9.777082518576456e-05
489.0,60.0,21.0,8.14756876548038e-05
490.0,60.0,22.0,8.14756876548038e-05
491.0,60.0,23.0,6.518055012384304e-05
492.0,60.0,24.0,8.14756876548038e-05
493.0,60.0,25.0,3.802198757224178e-05
494.0,60.0,26.0,3.259027506192152e-05
495.0,60.0,27.0,3.802198757224178e-05
496.0,60.0,28.0,1.629513753096076e-05
497.0,60.0,29.0,5.431712510320254e-06
498.0,60.0,30.0,5.431712510320254e-06
499.0,60.0,31.0,5.431712510320254e-06
500.0,60.0,32.0,0.0
501.0,60.0,33.0,0.0
502.0,60.0,34.0,0.0
503.0,60.0,35.0,0.0
504.0,60.0,36.0,0.0
505.0,60.0,37.0,0.0
506.0,60.0,38.0,0.0
507.0,65.0,0.0,7.06122626341633e-05
508.0,65.0,1.0,0.00027701733802633295
509.0,65.0,2.0,0.0005105809759701038
510.0,65.0,3.0,0.0006681006387693913
511.0,65.0,4.0,0.0008038934515273976
512.0,65.0,5.0,0.0008093251640377178
513.0,65.0,6.0,0.0008582105766306001
514.0,65.0,7.0,0.0008201885890583583
515.0,65.0,8.0,0.0005703298135836266
516.0,65.0,9.0,0.0006789640637900317
517.0,65.0,10.0,0.0004725589883978621
518.0,65.0,11.0,0.0004942858384391431
519.0,65.0,12.0,0.00036935645070177727
520.0,65.0,13.0,0.00019554165037152912
521.0,65.0,14.0,0.00020640507539216964
522.0,65.0,15.0,0.00021183678790248988
523.0,65.0,16.0,0.00015751966279928736
524.0,65.0,17.0,0.00015208795028896711
525.0,65.0,18.0,6.518055012384304e-05
526.0,65.0,19.0,5.974883761352279e-05
527.0,65.0,20.0,5.974883761352279e-05
528.0,65.0,21.0,6.518055012384304e-05
529.0,65.0,22.0,5.431712510320254e-05
530.0,65.0,23.0,3.802198757224178e-05
531.0,65.0,24.0,6.518055012384304e-05
532.0,65.0,25.0,5.431712510320254e-05
533.0,65.0,26.0,4.888541259288228e-05
534.0,65.0,27.0,5.431712510320254e-06
535.0,65.0,28.0,0.0
536.0,65.0,29.0,5.431712510320254e-06
537.0,65.0,30.0,0.0
538.0,65.0,31.0,1.0863425020640507e-05
539.0,65.0,32.0,0.0
540.0,65.0,33.0,0.0
541.0,65.0,34.0,0.0
542.0,65.0,35.0,0.0
543.0,65.0,36.0,0.0
544.0,65.0,37.0,0.0
545.0,65.0,38.0,0.0
546.0,70.0,0.0,0.00011949767522704558
547.0,70.0,1.0,0.00032047103810889496
548.0,70.0,2.0,0.0005214444009907443
549.0,70.0,3.0,0.000662668926259071
550.0,70.0,4.0,0.0007115543388519532
551.0,70.0,5.0,0.0007169860513622735
552.0,70.0,6.0,0.000771303176465476
553.0,70.0,7.0,0.0006898274888106722
554.0,70.0,8.0,0.0005051492634597836
555.0,70.0,9.0,0.0005811932386042671
556.0,70.0,10.0,0.0004942858384391431
557.0,70.0,11.0,0.0003747881632120975
558.0,70.0,12.0,0.000385651588232738
559.0,70.0,13.0,0.0003530613131708165
560.0,70.0,14.0,0.00019554165037152912
561.0,70.0,15.0,0.00019554165037152912
562.0,70.0,16.0,0.0001412245252683266
563.0,70.0,17.0,0.00013579281275800635
564.0,70.0,18.0,5.974883761352279e-05
565.0,70.0,19.0,8.14756876548038e-05
566.0,70.0,20.0,4.888541259288228e-05
567.0,70.0,21.0,7.604397514448356e-05
568.0,70.0,22.0,4.345370008256203e-05
569.0,70.0,23.0,5.974883761352279e-05
570.0,70.0,24.0,3.802198757224178e-05
571.0,70.0,25.0,1.629513753096076e-05
572.0,70.0,26.0,1.0863425020640507e-05
573.0,70.0,27.0,1.629513753096076e-05
574.0,70.0,28.0,5.431712510320254e-06
575.0,70.0,29.0,1.0863425020640507e-05
576.0,70.0,30.0,0.0
577.0,70.0,31.0,0.0
578.0,70.0,32.0,0.0
579.0,70.0,33.0,0.0
580.0,70.0,34.0,0.0
581.0,70.0,35.0,0.0
582.0,70.0,36.0,0.0
583.0,70.0,37.0,0.0
584.0,70.0,38.0,0.0
585.0,75.0,0.0,0.00010863425020640508
586.0,75.0,1.0,0.000298744188067614
587.0,75.0,2.0,0.0004182418632946595
588.0,75.0,3.0,0.000597488376135228
589.0,75.0,4.0,0.000727849476382914
590.0,75.0,5.0,0.000771303176465476
591.0,75.0,6.0,0.0007224177638725938
592.0,75.0,7.0,0.0006463737887281102
593.0,75.0,8.0,0.0006029200886455482
594.0,75.0,9.0,0.0005540346760526659
595.0,75.0,10.0,0.00042367357580497977
596.0,75.0,11.0,0.0002824490505366532
597.0,75.0,12.0,0.00030960761308825447
598.0,75.0,13.0,0.000298744188067614
599.0,75.0,14.0,0.00023899535045409116
600.0,75.0,15.0,9.777082518576456e-05
601.0,75.0,16.0,0.00013036110024768608
602.0,75.0,17.0,5.974883761352279e-05
603.0,75.0,18.0,8.14756876548038e-05
604.0,75.0,19.0,2.715856255160127e-05
605.0,75.0,20.0,8.690740016512406e-05
606.0,75.0,21.0,5.431712510320254e-05
607.0,75.0,22.0,4.345370008256203e-05
608.0,75.0,23.0,5.431712510320254e-05
609.0,75.0,24.0,4.345370008256203e-05
610.0,75.0,25.0,5.431712510320254e-06
611.0,75.0,26.0,5.431712510320254e-06
612.0,75.0,27.0,1.0863425020640507e-05
613.0,75.0,28.0,2.715856255160127e-05
614.0,75.0,29.0,2.1726850041281015e-05
615.0,75.0,30.0,2.1726850041281015e-05
616.0,75.0,31.0,1.0863425020640507e-05
617.0,75.0,32.0,0.0
618.0,75.0,33.0,0.0
619.0,75.0,34.0,0.0
620.0,75.0,35.0,0.0
621.0,75.0,36.0,0.0
622.0,75.0,37.0,0.0
623.0,75.0,38.0,0.0
624.0,80.0,0.0,7.604397514448356e-05
625.0,80.0,1.0,0.00023356363794377092
626.0,80.0,2.0,0.0005160126884804241
627.0,80.0,3.0,0.0005811932386042671
628.0,80.0,4.0,0.000597488376135228
629.0,80.0,5.0,0.000727849476382914
630.0,80.0,6.0,0.0006681006387693913
631.0,80.0,7.0,0.0006029200886455482
632.0,80.0,8.0,0.0005486029635423457
633.0,80.0,9.0,0.0005160126884804241
634.0,80.0,10.0,0.0003530613131708165
635.0,80.0,11.0,0.00038021987572241776
636.0,80.0,12.0,0.0002227002129231304
637.0,80.0,13.0,0.00023356363794377092
638.0,80.0,14.0,0.0001629513753096076
639.0,80.0,15.0,0.00015208795028896711
640.0,80.0,16.0,0.00014665623777864684
641.0,80.0,17.0,7.604397514448356e-05
642.0,80.0,18.0,0.00010863425020640508
643.0,80.0,19.0,0.00011949767522704558
644.0,80.0,20.0,8.690740016512406e-05
645.0,80.0,21.0,6.518055012384304e-05
646.0,80.0,22.0,4.888541259288228e-05
647.0,80.0,23.0,3.802198757224178e-05
648.0,80.0,24.0,4.888541259288228e-05
649.0,80.0,25.0,5.431712510320254e-06
650.0,80.0,26.0,2.1726850041281015e-05
651.0,80.0,27.0,5.431712510320254e-06
652.0,80.0,28.0,1.0863425020640507e-05
653.0,80.0,29.0,5.431712510320254e-06
654.0,80.0,30.0,5.431712510320254e-06
655.0,80.0,31.0,5.431712510320254e-06
656.0,80.0,32.0,0.0
657.0,80.0,33.0,0.0
658.0,80.0,34.0,0.0
659.0,80.0,35.0,0.0
660.0,80.0,36.0,0.0
661.0,80.0,37.0,0.0
662.0,80.0,38.0,0.0
663.0,85.0,0.0,7.604397514448356e-05
664.0,85.0,1.0,0.00030960761308825447
665.0,85.0,2.0,0.0004779907009081823
666.0,85.0,3.0,0.0006246469386868292
667.0,85.0,4.0,0.0004997175509494634
668.0,85.0,5.0,0.0005594663885629861
669.0,85.0,6.0,0.0005648981010733064
670.0,85.0,7.0,0.0006409420762177899
671.0,85.0,8.0,0.0005268761135010646
672.0,85.0,9.0,0.0005594663885629861
673.0,85.0,10.0,0.0003313344631295355
674.0,85.0,11.0,0.000363924738191457
675.0,85.0,12.0,0.00032047103810889496
676.0,85.0,13.0,0.00032047103810889496
677.0,85.0,14.0,0.0002661539130056924
678.0,85.0,15.0,0.00019010993786120888
679.0,85.0,16.0,0.00015208795028896711
680.0,85.0,17.0,0.00012492938773736584
681.0,85.0,18.0,0.00010320253769608482
682.0,85.0,19.0,8.14756876548038e-05
683.0,85.0,20.0,5.974883761352279e-05
684.0,85.0,21.0,3.802198757224178e-05
685.0,85.0,22.0,1.629513753096076e-05
686.0,85.0,23.0,1.629513753096076e-05
687.0,85.0,24.0,2.1726850041281015e-05
688.0,85.0,25.0,1.629513753096076e-05
689.0,85.0,26.0,0.0
690.0,85.0,27.0,3.259027506192152e-05
691.0,85.0,28.0,2.1726850041281015e-05
692.0,85.0,29.0,0.0
693.0,85.0,30.0,0.0
694.0,85.0,31.0,5.431712510320254e-06
695.0,85.0,32.0,0.0
696.0,85.0,33.0,0.0
697.0,85.0,34.0,0.0
698.0,85.0,35.0,0.0
699.0,85.0,36.0,5.431712510320254e-06
700.0,85.0,37.0,0.0
701.0,85.0,38.0,1.0863425020640507e-05
702.0,90.0,0.0,0.00010320253769608482
703.0,90.0,1.0,0.00030417590057793423
704.0,90.0,2.0,0.0004888541259288229
705.0,90.0,3.0,0.0005866249511145874
706.0,90.0,4.0,0.0005920566636249076
707.0,90.0,5.0,0.0005268761135010646
708.0,90.0,6.0,0.0006463737887281102
709.0,90.0,7.0,0.0005377395385217052
710.0,90.0,8.0,0.0004616955633772216
711.0,90.0,9.0,0.0005051492634597836
712.0,90.0,10.0,0.0005051492634597836
713.0,90.0,11.0,0.00039651501325337855
714.0,90.0,12.0,0.00023899535045409116
715.0,90.0,13.0,0.00021183678790248988
716.0,90.0,14.0,0.00020640507539216964
717.0,90.0,15.0,0.00019010993786120888
718.0,90.0,16.0,0.00014665623777864684
719.0,90.0,17.0,0.0001629513753096076
720.0,90.0,18.0,9.777082518576456e-05
721.0,90.0,19.0,0.00010320253769608482
722.0,90.0,20.0,7.604397514448356e-05
723.0,90.0,21.0,3.802198757224178e-05
724.0,90.0,22.0,5.974883761352279e-05
725.0,90.0,23.0,2.715856255160127e-05
726.0,90.0,24.0,2.715856255160127e-05
727.0,90.0,25.0,1.0863425020640507e-05
728.0,90.0,26.0,1.0863425020640507e-05
729.0,90.0,27.0,2.1726850041281015e-05
730.0,90.0,28.0,1.0863425020640507e-05
731.0,90.0,29.0,1.0863425020640507e-05
732.0,90.0,30.0,1.0863425020640507e-05
733.0,90.0,31.0,5.431712510320254e-06
734.0,90.0,32.0,5.431712510320254e-06
735.0,90.0,33.0,0.0
736.0,90.0,34.0,5.431712510320254e-06
737.0,90.0,35.0,5.431712510320254e-06
738.0,90.0,36.0,0.0
739.0,90.0,37.0,0.0
740.0,90.0,38.0,0.0
741.0,95.0,0.0,0.00010320253769608482
742.0,95.0,1.0,0.00033676617563985575
743.0,95.0,2.0,0.0005268761135010646
744.0,95.0,3.0,0.0006681006387693913
745.0,95.0,4.0,0.0005540346760526659
746.0,95.0,5.0,0.0006518055012384304
747.0,95.0,6.0,0.0004888541259288229
748.0,95.0,7.0,0.0005214444009907443
749.0,95.0,8.0,0.00048342241341850256
750.0,95.0,9.0,0.00045626385086690134
751.0,95.0,10.0,0.000363924738191457
752.0,95.0,11.0,0.0003530613131708165
753.0,95.0,12.0,0.00030417590057793423
754.0,95.0,13.0,0.00022813192543345067
755.0,95.0,14.0,0.00019010993786120888
756.0,95.0,15.0,0.00019010993786120888
757.0,95.0,16.0,0.00013579281275800635
758.0,95.0,17.0,0.00016838308781992787
759.0,95.0,18.0,9.777082518576456e-05
760.0,95.0,19.0,0.0001412245252683266
761.0,95.0,20.0,0.00013579281275800635
762.0,95.0,21.0,7.06122626341633e-05
763.0,95.0,22.0,4.888541259288228e-05
764.0,95.0,23.0,2.1726850041281015e-05
765.0,95.0,24.0,3.259027506192152e-05
766.0,95.0,25.0,2.715856255160127e-05
767.0,95.0,26.0,1.629513753096076e-05
768.0,95.0,27.0,5.431712510320254e-06
769.0,95.0,28.0,0.0
770.0,95.0,29.0,1.629513753096076e-05
771.0,95.0,30.0,5.431712510320254e-06
772.0,95.0,31.0,2.715856255160127e-05
773.0,95.0,32.0,0.0
774.0,95.0,33.0,5.431712510320254e-06
775.0,95.0,34.0,0.0
776.0,95.0,35.0,0.0
777.0,95.0,36.0,0.0
778.0,95.0,37.0,0.0
779.0,95.0,38.0,0.0
780.0,100.0,0.0,0.00010863425020640508
781.0,100.0,1.0,0.00032047103810889496
782.0,100.0,2.0,0.000385651588232738
783.0,100.0,3.0,0.0005323078260113848
784.0,100.0,4.0,0.0005431712510320254
785.0,100.0,5.0,0.0005540346760526659
786.0,100.0,6.0,0.00046712727588754183
787.0,100.0,7.0,0.0005214444009907443
788.0,100.0,8.0,0.0005105809759701038
789.0,100.0,9.0,0.0004888541259288229
790.0,100.0,10.0,0.000363924738191457
791.0,100.0,11.0,0.0003259027506192152
792.0,100.0,12.0,0.00030417590057793423
793.0,100.0,13.0,0.00019010993786120888
794.0,100.0,14.0,0.0002661539130056924
795.0,100.0,15.0,0.00017381480033024812
796.0,100.0,16.0,0.00017381480033024812
797.0,100.0,17.0,0.00010863425020640508
798.0,100.0,18.0,0.00011406596271672534
799.0,100.0,19.0,9.777082518576456e-05
800.0,100.0,20.0,2.1726850041281015e-05
801.0,100.0,21.0,8.690740016512406e-05
802.0,100.0,22.0,6.518055012384304e-05
803.0,100.0,23.0,2.715856255160127e-05
804.0,100.0,24.0,4.345370008256203e-05
805.0,100.0,25.0,3.259027506192152e-05
806.0,100.0,26.0,2.715856255160127e-05
807.0,100.0,27.0,1.0863425020640507e-05
808.0,100.0,28.0,1.629513753096076e-05
809.0,100.0,29.0,1.0863425020640507e-05
810.0,100.0,30.0,5.431712510320254e-06
811.0,100.0,31.0,2.1726850041281015e-05
812.0,100.0,32.0,1.0863425020640507e-05
813.0,100.0,33.0,1.0863425020640507e-05
814.0,100.0,34.0,1.0863425020640507e-05
815.0,100.0,35.0,1.0863425020640507e-05
816.0,100.0,36.0,1.0863425020640507e-05
817.0,100.0,37.0,5.431712510320254e-06
818.0,100.0,38.0,0.0
819.0,105.0,0.0,0.00010320253769608482
820.0,105.0,1.0,0.00030417590057793423
821.0,105.0,2.0,0.0004779907009081823
822.0,105.0,3.0,0.0005160126884804241
823.0,105.0,4.0,0.0005486029635423457
824.0,105.0,5.0,0.0006192152261765089
825.0,105.0,6.0,0.00046712727588754183
826.0,105.0,7.0,0.0005866249511145874
827.0,105.0,8.0,0.0004345370008256203
828.0,105.0,9.0,0.00045626385086690134
829.0,105.0,10.0,0.0004616955633772216
830.0,105.0,11.0,0.0003530613131708165
831.0,105.0,12.0,0.0002715856255160127
832.0,105.0,13.0,0.0002227002129231304
833.0,105.0,14.0,0.00020640507539216964
834.0,105.0,15.0,0.00012492938773736584
835.0,105.0,16.0,0.00010320253769608482
836.0,105.0,17.0,0.00012492938773736584
837.0,105.0,18.0,9.233911267544432e-05
838.0,105.0,19.0,8.690740016512406e-05
839.0,105.0,20.0,4.345370008256203e-05
840.0,105.0,21.0,0.00010863425020640508
841.0,105.0,22.0,3.259027506192152e-05
842.0,105.0,23.0,2.715856255160127e-05
843.0,105.0,24.0,3.802198757224178e-05
844.0,105.0,25.0,3.259027506192152e-05
845.0,105.0,26.0,5.431712510320254e-06
846.0,105.0,27.0,1.629513753096076e-05
847.0,105.0,28.0,1.629513753096076e-05
848.0,105.0,29.0,5.431712510320254e-06
849.0,105.0,30.0,5.431712510320254e-06
850.0,105.0,31.0,5.431712510320254e-06
851.0,105.0,32.0,1.0863425020640507e-05
852.0,105.0,33.0,5.431712510320254e-06
853.0,105.0,34.0,0.0
854.0,105.0,35.0,5.431712510320254e-06
855.0,105.0,36.0,1.0863425020640507e-05
856.0,105.0,37.0,0.0
857.0,105.0,38.0,0.0
858.0,110.0,0.0,5.431712510320254e-05
859.0,110.0,1.0,0.00036935645070177727
860.0,110.0,2.0,0.00045626385086690134
861.0,110.0,3.0,0.0006192152261765089
862.0,110.0,4.0,0.0005757615260939469
863.0,110.0,5.0,0.0007169860513622735
864.0,110.0,6.0,0.0005648981010733064
865.0,110.0,7.0,0.0005105809759701038
866.0,110.0,8.0,0.00036935645070177727
867.0,110.0,9.0,0.00036935645070177727
868.0,110.0,10.0,0.00034762960066049624
869.0,110.0,11.0,0.0003259027506192152
870.0,110.0,12.0,0.0002227002129231304
871.0,110.0,13.0,0.0002227002129231304
872.0,110.0,14.0,0.00021726850041281016
873.0,110.0,15.0,0.00010320253769608482
874.0,110.0,16.0,0.00015208795028896711
875.0,110.0,17.0,9.777082518576456e-05
876.0,110.0,18.0,0.00012492938773736584
877.0,110.0,19.0,9.233911267544432e-05
878.0,110.0,20.0,5.974883761352279e-05
879.0,110.0,21.0,5.974883761352279e-05
880.0,110.0,22.0,3.802198757224178e-05
881.0,110.0,23.0,1.629513753096076e-05
882.0,110.0,24.0,1.629513753096076e-05
883.0,110.0,25.0,2.1726850041281015e-05
884.0,110.0,26.0,4.888541259288228e-05
885.0,110.0,27.0,1.0863425020640507e-05
886.0,110.0,28.0,1.0863425020640507e-05
887.0,110.0,29.0,0.0
888.0,110.0,30.0,0.0
889.0,110.0,31.0,0.0
890.0,110.0,32.0,0.0
891.0,110.0,33.0,5.431712510320254e-06
892.0,110.0,34.0,0.0
893.0,110.0,35.0,0.0
894.0,110.0,36.0,0.0
895.0,110.0,37.0,0.0
896.0,110.0,38.0,0.0
897.0,115.0,0.0,4.888541259288228e-05
898.0,115.0,1.0,0.0003259027506192152
899.0,115.0,2.0,0.00042367357580497977
900.0,115.0,3.0,0.0006355103637074697
901.0,115.0,4.0,0.0005920566636249076
902.0,115.0,5.0,0.000706122626341633
903.0,115.0,6.0,0.0006409420762177899
904.0,115.0,7.0,0.0004997175509494634
905.0,115.0,8.0,0.0003747881632120975
906.0,115.0,9.0,0.0003584930256811367
907.0,115.0,10.0,0.000342197888150176
908.0,115.0,11.0,0.0003150393255985747
909.0,115.0,12.0,0.0002933124755572937
910.0,115.0,13.0,0.00019554165037152912
911.0,115.0,14.0,0.00019010993786120888
912.0,115.0,15.0,0.00016838308781992787
913.0,115.0,16.0,0.00011949767522704558
914.0,115.0,17.0,9.233911267544432e-05
915.0,115.0,18.0,8.14756876548038e-05
916.0,115.0,19.0,5.431712510320254e-05
917.0,115.0,20.0,4.345370008256203e-05
918.0,115.0,21.0,7.604397514448356e-05
919.0,115.0,22.0,4.888541259288228e-05
920.0,115.0,23.0,3.802198757224178e-05
921.0,115.0,24.0,1.629513753096076e-05
922.0,115.0,25.0,1.0863425020640507e-05
923.0,115.0,26.0,3.259027506192152e-05
924.0,115.0,27.0,2.1726850041281015e-05
925.0,115.0,28.0,5.431712510320254e-06
926.0,115.0,29.0,0.0
927.0,115.0,30.0,0.0
928.0,115.0,31.0,5.431712510320254e-06
929.0,115.0,32.0,0.0
930.0,115.0,33.0,0.0
931.0,115.0,34.0,0.0
932.0,115.0,35.0,0.0
933.0,115.0,36.0,0.0
934.0,115.0,37.0,0.0
935.0,115.0,38.0,0.0
936.0,120.0,0.0,8.690740016512406e-05
937.0,120.0,1.0,0.0002498587754747317
938.0,120.0,2.0,0.0005486029635423457
939.0,120.0,3.0,0.0006029200886455482
940.0,120.0,4.0,0.0005648981010733064
941.0,120.0,5.0,0.0005757615260939469
942.0,120.0,6.0,0.0004779907009081823
943.0,120.0,7.0,0.00043996871333594055
944.0,120.0,8.0,0.00042367357580497977
945.0,120.0,9.0,0.0003747881632120975
946.0,120.0,10.0,0.0003747881632120975
947.0,120.0,11.0,0.00022813192543345067
948.0,120.0,12.0,0.00026072220049537216
949.0,120.0,13.0,0.0002009733628818494
950.0,120.0,14.0,0.00020640507539216964
951.0,120.0,15.0,0.00011949767522704558
952.0,120.0,16.0,8.690740016512406e-05
953.0,120.0,17.0,8.14756876548038e-05
954.0,120.0,18.0,0.00013579281275800635
955.0,120.0,19.0,9.233911267544432e-05
956.0,120.0,20.0,5.974883761352279e-05
957.0,120.0,21.0,9.233911267544432e-05
958.0,120.0,22.0,3.802198757224178e-05
959.0,120.0,23.0,3.802198757224178e-05
960.0,120.0,24.0,3.802198757224178e-05
961.0,120.0,25.0,1.0863425020640507e-05
962.0,120.0,26.0,3.259027506192152e-05
963.0,120.0,27.0,2.715856255160127e-05
964.0,120.0,28.0,1.0863425020640507e-05
965.0,120.0,29.0,2.715856255160127e-05
966.0,120.0,30.0,2.1726850041281015e-05
967.0,120.0,31.0,5.431712510320254e-06
968.0,120.0,32.0,0.0
969.0,120.0,33.0,0.0
970.0,120.0,34.0,0.0
971.0,120.0,35.0,0.0
972.0,120.0,36.0,5.431712510320254e-06
973.0,120.0,37.0,0.0
974.0,120.0,38.0,0.0
975.0,125.0,0.0,9.777082518576456e-05
976.0,125.0,1.0,0.0003150393255985747
977.0,125.0,2.0,0.0005051492634597836
978.0,125.0,3.0,0.0005757615260939469
979.0,125.0,4.0,0.0004616955633772216
980.0,125.0,5.0,0.0005377395385217052
981.0,125.0,6.0,0.0006300786511971494
982.0,125.0,7.0,0.0004345370008256203
983.0,125.0,8.0,0.0004182418632946595
984.0,125.0,9.0,0.0003530613131708165
985.0,125.0,10.0,0.0003313344631295355
986.0,125.0,11.0,0.000298744188067614
987.0,125.0,12.0,0.0002715856255160127
988.0,125.0,13.0,0.0002009733628818494
989.0,125.0,14.0,0.00015751966279928736
990.0,125.0,15.0,0.00016838308781992787
991.0,125.0,16.0,0.00011949767522704558
992.0,125.0,17.0,9.777082518576456e-05
993.0,125.0,18.0,9.233911267544432e-05
994.0,125.0,19.0,8.14756876548038e-05
995.0,125.0,20.0,7.06122626341633e-05
996.0,125.0,21.0,6.518055012384304e-05
997.0,125.0,22.0,6.518055012384304e-05
998.0,125.0,23.0,3.802198757224178e-05
999.0,125.0,24.0,3.802198757224178e-05
1000.0,125.0,25.0,2.715856255160127e-05
1001.0,125.0,26.0,1.0863425020640507e-05
1002.0,125.0,27.0,3.259027506192152e-05
1003.0,125.0,28.0,2.1726850041281015e-05
1004.0,125.0,29.0,1.0863425020640507e-05
1005.0,125.0,30.0,1.629513753096076e-05
1006.0,125.0,31.0,0.0
1007.0,125.0,32.0,1.0863425020640507e-05
1008.0,125.0,33.0,5.431712510320254e-06
1009.0,125.0,34.0,0.0
1010.0,125.0,35.0,0.0
1011.0,125.0,36.0,0.0
1012.0,125.0,37.0,0.0
1013.0,125.0,38.0,0.0
1014.0,130.0,0.0,8.690740016512406e-05
1015.0,130.0,1.0,0.0002715856255160127
1016.0,130.0,2.0,0.0004997175509494634
1017.0,130.0,3.0,0.00045083213835658104
1018.0,130.0,4.0,0.0006192152261765089
1019.0,130.0,5.0,0.0004616955633772216
1020.0,130.0,6.0,0.00045083213835658104
1021.0,130.0,7.0,0.00045626385086690134
1022.0,130.0,8.0,0.0004019467257636988
1023.0,130.0,9.0,0.00038021987572241776
1024.0,130.0,10.0,0.0002933124755572937
1025.0,130.0,11.0,0.0003313344631295355
1026.0,130.0,12.0,0.00026072220049537216
1027.0,130.0,13.0,0.00022813192543345067
1028.0,130.0,14.0,0.00018467822535088863
1029.0,130.0,15.0,0.0002227002129231304
1030.0,130.0,16.0,0.00015208795028896711
1031.0,130.0,17.0,0.0002009733628818494
1032.0,130.0,18.0,0.00010320253769608482
1033.0,130.0,19.0,6.518055012384304e-05
1034.0,130.0,20.0,7.06122626341633e-05
1035.0,130.0,21.0,8.690740016512406e-05
1036.0,130.0,22.0,5.431712510320254e-05
1037.0,130.0,23.0,5.974883761352279e-05
1038.0,130.0,24.0,3.802198757224178e-05
1039.0,130.0,25.0,3.802198757224178e-05
1040.0,130.0,26.0,2.1726850041281015e-05
1041.0,130.0,27.0,3.259027506192152e-05
1042.0,130.0,28.0,2.1726850041281015e-05
1043.0,130.0,29.0,1.629513753096076e-05
1044.0,130.0,30.0,1.0863425020640507e-05
1045.0,130.0,31.0,0.0
1046.0,130.0,32.0,5.431712510320254e-06
1047.0,130.0,33.0,0.0
1048.0,130.0,34.0,0.0
1049.0,130.0,35.0,0.0
1050.0,130.0,36.0,0.0
1051.0,130.0,37.0,0.0
1052.0,130.0,38.0,0.0
1053.0,135.0,0.0,8.690740016512406e-05
1054.0,135.0,1.0,0.000342197888150176
1055.0,135.0,2.0,0.0003584930256811367
1056.0,135.0,3.0,0.0005866249511145874
1057.0,135.0,4.0,0.0006463737887281102
1058.0,135.0,5.0,0.0005214444009907443
1059.0,135.0,6.0,0.0005105809759701038
1060.0,135.0,7.0,0.00043996871333594055
1061.0,135.0,8.0,0.00040737843827401903
1062.0,135.0,9.0,0.0003584930256811367
1063.0,135.0,10.0,0.00028788076304697344
1064.0,135.0,11.0,0.00036935645070177727
1065.0,135.0,12.0,0.00021726850041281016
1066.0,135.0,13.0,0.0001412245252683266
1067.0,135.0,14.0,0.00018467822535088863
1068.0,135.0,15.0,0.00016838308781992787
1069.0,135.0,16.0,0.00019010993786120888
1070.0,135.0,17.0,0.00013036110024768608
1071.0,135.0,18.0,8.14756876548038e-05
1072.0,135.0,19.0,5.974883761352279e-05
1073.0,135.0,20.0,6.518055012384304e-05
1074.0,135.0,21.0,7.06122626341633e-05
1075.0,135.0,22.0,7.06122626341633e-05
1076.0,135.0,23.0,3.802198757224178e-05
1077.0,135.0,24.0,3.259027506192152e-05
1078.0,135.0,25.0,5.431712510320254e-05
1079.0,135.0,26.0,1.629513753096076e-05
1080.0,135.0,27.0,0.0
1081.0,135.0,28.0,3.259027506192152e-05
1082.0,135.0,29.0,1.0863425020640507e-05
1083.0,135.0,30.0,1.0863425020640507e-05
1084.0,135.0,31.0,2.1726850041281015e-05
1085.0,135.0,32.0,5.431712510320254e-06
1086.0,135.0,33.0,0.0
1087.0,135.0,34.0,0.0
1088.0,135.0,35.0,0.0
1089.0,135.0,36.0,0.0
1090.0,135.0,37.0,0.0
1091.0,135.0,38.0,0.0
1092.0,140.0,0.0,0.00010320253769608482
1093.0,140.0,1.0,0.0004345370008256203
1094.0,140.0,2.0,0.0004888541259288229
1095.0,140.0,3.0,0.0006355103637074697
1096.0,140.0,4.0,0.0006409420762177899
1097.0,140.0,5.0,0.0005540346760526659
1098.0,140.0,6.0,0.0005648981010733064
1099.0,140.0,7.0,0.0005051492634597836
1100.0,140.0,8.0,0.0005051492634597836
1101.0,140.0,9.0,0.0003150393255985747
1102.0,140.0,10.0,0.00040737843827401903
1103.0,140.0,11.0,0.00030417590057793423
1104.0,140.0,12.0,0.00023899535045409116
1105.0,140.0,13.0,0.00018467822535088863
1106.0,140.0,14.0,0.00019010993786120888
1107.0,140.0,15.0,0.00010863425020640508
1108.0,140.0,16.0,0.00014665623777864684
1109.0,140.0,17.0,0.00010863425020640508
1110.0,140.0,18.0,4.888541259288228e-05
1111.0,140.0,19.0,7.06122626341633e-05
1112.0,140.0,20.0,7.06122626341633e-05
1113.0,140.0,21.0,7.06122626341633e-05
1114.0,140.0,22.0,9.233911267544432e-05
1115.0,140.0,23.0,6.518055012384304e-05
1116.0,140.0,24.0,2.1726850041281015e-05
1117.0,140.0,25.0,2.1726850041281015e-05
1118.0,140.0,26.0,3.802198757224178e-05
1119.0,140.0,27.0,3.259027506192152e-05
1120.0,140.0,28.0,2.715856255160127e-05
1121.0,140.0,29.0,3.259027506192152e-05
1122.0,140.0,30.0,5.431712510320254e-06
1123.0,140.0,31.0,1.0863425020640507e-05
1124.0,140.0,32.0,0.0
1125.0,140.0,33.0,0.0
1126.0,140.0,34.0,0.0
1127.0,140.0,35.0,5.431712510320254e-06
1128.0,140.0,36.0,0.0
1129.0,140.0,37.0,0.0
1130.0,140.0,38.0,0.0
1131.0,145.0,0.0,9.233911267544432e-05
1132.0,145.0,1.0,0.00039651501325337855
1133.0,145.0,2.0,0.0005431712510320254
1134.0,145.0,3.0,0.0007332811888932343
1135.0,145.0,4.0,0.0006518055012384304
1136.0,145.0,5.0,0.0006029200886455482
1137.0,145.0,6.0,0.0006518055012384304
1138.0,145.0,7.0,0.0005268761135010646
1139.0,145.0,8.0,0.0005105809759701038
1140.0,145.0,9.0,0.00040737843827401903
1141.0,145.0,10.0,0.00028788076304697344
1142.0,145.0,11.0,0.00026072220049537216
1143.0,145.0,12.0,0.00027701733802633295
1144.0,145.0,13.0,0.0002227002129231304
1145.0,145.0,14.0,0.00017381480033024812
1146.0,145.0,15.0,0.00015751966279928736
1147.0,145.0,16.0,0.00010863425020640508
1148.0,145.0,17.0,0.00015208795028896711
1149.0,145.0,18.0,9.233911267544432e-05
1150.0,145.0,19.0,5.431712510320254e-05
1151.0,145.0,20.0,7.06122626341633e-05
1152.0,145.0,21.0,5.431712510320254e-05
1153.0,145.0,22.0,5.431712510320254e-05
1154.0,145.0,23.0,8.690740016512406e-05
1155.0,145.0,24.0,6.518055012384304e-05
1156.0,145.0,25.0,2.1726850041281015e-05
1157.0,145.0,26.0,5.431712510320254e-05
1158.0,145.0,27.0,3.802198757224178e-05
1159.0,145.0,28.0,1.629513753096076e-05
1160.0,145.0,29.0,2.715856255160127e-05
1161.0,145.0,30.0,2.1726850041281015e-05
1162.0,145.0,31.0,5.431712510320254e-06
1163.0,145.0,32.0,2.1726850041281015e-05
1164.0,145.0,33.0,5.431712510320254e-06
1165.0,145.0,34.0,5.431712510320254e-06
1166.0,145.0,35.0,0.0
1167.0,145.0,36.0,5.431712510320254e-06
1168.0,145.0,37.0,0.0
1169.0,145.0,38.0,0.0
1170.0,150.0,0.0,5.974883761352279e-05
1171.0,150.0,1.0,0.0002824490505366532
1172.0,150.0,2.0,0.0005051492634597836
1173.0,150.0,3.0,0.0005377395385217052
1174.0,150.0,4.0,0.0006952592013209925
1175.0,150.0,5.0,0.0006952592013209925
1176.0,150.0,6.0,0.0007387129014035545
1177.0,150.0,7.0,0.0005703298135836266
1178.0,150.0,8.0,0.0005920566636249076
1179.0,150.0,9.0,0.000385651588232738
1180.0,150.0,10.0,0.000342197888150176
1181.0,150.0,11.0,0.00032047103810889496
1182.0,150.0,12.0,0.0003150393255985747
1183.0,150.0,13.0,0.0002498587754747317
1184.0,150.0,14.0,0.00018467822535088863
1185.0,150.0,15.0,0.00017924651284056836
1186.0,150.0,16.0,0.00015751966279928736
1187.0,150.0,17.0,0.00016838308781992787
1188.0,150.0,18.0,7.06122626341633e-05
1189.0,150.0,19.0,0.00011406596271672534
1190.0,150.0,20.0,4.345370008256203e-05
1191.0,150.0,21.0,5.431712510320254e-05
1192.0,150.0,22.0,7.06122626341633e-05
1193.0,150.0,23.0,5.431712510320254e-05
1194.0,150.0,24.0,4.345370008256203e-05
1195.0,150.0,25.0,4.345370008256203e-05
1196.0,150.0,26.0,2.1726850041281015e-05
1197.0,150.0,27.0,4.345370008256203e-05
1198.0,150.0,28.0,3.259027506192152e-05
1199.0,150.0,29.0,1.629513753096076e-05
1200.0,150.0,30.0,2.1726850041281015e-05
1201.0,150.0,31.0,2.715856255160127e-05
1202.0,150.0,32.0,2.1726850041281015e-05
1203.0,150.0,33.0,0.0
1204.0,150.0,34.0,5.431712510320254e-06
1205.0,150.0,35.0,0.0
1206.0,150.0,36.0,0.0
1207.0,150.0,37.0,0.0
1208.0,150.0,38.0,0.0
1209.0,155.0,0.0,4.888541259288228e-05
1210.0,155.0,1.0,0.00032047103810889496
1211.0,155.0,2.0,0.0005268761135010646
1212.0,155.0,3.0,0.000684395776300352
1213.0,155.0,4.0,0.0006355103637074697
1214.0,155.0,5.0,0.0006735323512797115
1215.0,155.0,6.0,0.0006300786511971494
1216.0,155.0,7.0,0.0006029200886455482
1217.0,155.0,8.0,0.0004997175509494634
1218.0,155.0,9.0,0.0004725589883978621
1219.0,155.0,10.0,0.00032047103810889496
1220.0,155.0,11.0,0.0003530613131708165
1221.0,155.0,12.0,0.00027701733802633295
1222.0,155.0,13.0,0.00023899535045409116
1223.0,155.0,14.0,0.00020640507539216964
1224.0,155.0,15.0,0.00021726850041281016
1225.0,155.0,16.0,0.00013579281275800635
1226.0,155.0,17.0,0.00014665623777864684
1227.0,155.0,18.0,0.00015208795028896711
1228.0,155.0,19.0,0.00019554165037152912
1229.0,155.0,20.0,8.690740016512406e-05
1230.0,155.0,21.0,8.14756876548038e-05
1231.0,155.0,22.0,0.00011406596271672534
1232.0,155.0,23.0,7.604397514448356e-05
1233.0,155.0,24.0,6.518055012384304e-05
1234.0,155.0,25.0,6.518055012384304e-05
1235.0,155.0,26.0,4.888541259288228e-05
1236.0,155.0,27.0,9.233911267544432e-05
1237.0,155.0,28.0,3.259027506192152e-05
1238.0,155.0,29.0,4.345370008256203e-05
1239.0,155.0,30.0,1.0863425020640507e-05
1240.0,155.0,31.0,3.259027506192152e-05
1241.0,155.0,32.0,1.629513753096076e-05
1242.0,155.0,33.0,5.431712510320254e-06
1243.0,155.0,34.0,5.431712510320254e-06
1244.0,155.0,35.0,5.431712510320254e-06
1245.0,155.0,36.0,0.0
1246.0,155.0,37.0,0.0
1247.0,155.0,38.0,0.0
1248.0,160.0,0.0,9.777082518576456e-05
1249.0,160.0,1.0,0.00024442706296441143
1250.0,160.0,2.0,0.0005051492634597836
1251.0,160.0,3.0,0.0006300786511971494
1252.0,160.0,4.0,0.000684395776300352
1253.0,160.0,5.0,0.000684395776300352
1254.0,160.0,6.0,0.0007658714639551558
1255.0,160.0,7.0,0.0007115543388519532
1256.0,160.0,8.0,0.0006518055012384304
1257.0,160.0,9.0,0.0004779907009081823
1258.0,160.0,10.0,0.0004888541259288229
1259.0,160.0,11.0,0.00030960761308825447
1260.0,160.0,12.0,0.00042367357580497977
1261.0,160.0,13.0,0.000298744188067614
1262.0,160.0,14.0,0.0002227002129231304
1263.0,160.0,15.0,0.0002715856255160127
1264.0,160.0,16.0,0.00024442706296441143
1265.0,160.0,17.0,0.00021183678790248988
1266.0,160.0,18.0,0.00010863425020640508
1267.0,160.0,19.0,0.00017924651284056836
1268.0,160.0,20.0,0.00017381480033024812
1269.0,160.0,21.0,0.00010320253769608482
1270.0,160.0,22.0,0.0001412245252683266
1271.0,160.0,23.0,5.974883761352279e-05
1272.0,160.0,24.0,0.00015208795028896711
1273.0,160.0,25.0,7.06122626341633e-05
1274.0,160.0,26.0,9.233911267544432e-05
1275.0,160.0,27.0,5.431712510320254e-05
1276.0,160.0,28.0,8.14756876548038e-05
1277.0,160.0,29.0,3.802198757224178e-05
1278.0,160.0,30.0,4.888541259288228e-05
1279.0,160.0,31.0,3.259027506192152e-05
1280.0,160.0,32.0,1.629513753096076e-05
1281.0,160.0,33.0,1.629513753096076e-05
1282.0,160.0,34.0,0.0
1283.0,160.0,35.0,1.0863425020640507e-05
1284.0,160.0,36.0,0.0
1285.0,160.0,37.0,0.0
1286.0,160.0,38.0,0.0
1287.0,165.0,0.0,0.00011406596271672534
1288.0,165.0,1.0,0.0002715856255160127
1289.0,165.0,2.0,0.0005920566636249076
1290.0,165.0,3.0,0.000727849476382914
1291.0,165.0,4.0,0.000749576326424195
1292.0,165.0,5.0,0.0008147568765480381
1293.0,165.0,6.0,0.0007984617390170773
1294.0,165.0,7.0,0.0008038934515273976
1295.0,165.0,8.0,0.0005866249511145874
1296.0,165.0,9.0,0.0005486029635423457
1297.0,165.0,10.0,0.0005377395385217052
1298.0,165.0,11.0,0.0005051492634597836
1299.0,165.0,12.0,0.0003584930256811367
1300.0,165.0,13.0,0.00039108330074305825
1301.0,165.0,14.0,0.0003747881632120975
1302.0,165.0,15.0,0.00026072220049537216
1303.0,165.0,16.0,0.00023899535045409116
1304.0,165.0,17.0,0.00021726850041281016
1305.0,165.0,18.0,0.0001412245252683266
1306.0,165.0,19.0,0.0002227002129231304
1307.0,165.0,20.0,0.00015208795028896711
1308.0,165.0,21.0,0.00011406596271672534
1309.0,165.0,22.0,0.00010863425020640508
1310.0,165.0,23.0,0.0001412245252683266
1311.0,165.0,24.0,8.14756876548038e-05
1312.0,165.0,25.0,4.345370008256203e-05
1313.0,165.0,26.0,8.14756876548038e-05
1314.0,165.0,27.0,4.345370008256203e-05
1315.0,165.0,28.0,6.518055012384304e-05
1316.0,165.0,29.0,5.974883761352279e-05
1317.0,165.0,30.0,4.888541259288228e-05
1318.0,165.0,31.0,2.715856255160127e-05
1319.0,165.0,32.0,1.0863425020640507e-05
1320.0,165.0,33.0,0.0
1321.0,165.0,34.0,1.0863425020640507e-05
1322.0,165.0,35.0,0.0
1323.0,165.0,36.0,5.431712510320254e-06
1324.0,165.0,37.0,0.0
1325.0,165.0,38.0,0.0
1326.0,170.0,0.0,7.604397514448356e-05
1327.0,170.0,1.0,0.0003584930256811367
1328.0,170.0,2.0,0.0005703298135836266
1329.0,170.0,3.0,0.0006355103637074697
1330.0,170.0,4.0,0.0007604397514448355
1331.0,170.0,5.0,0.0008256203015686786
1332.0,170.0,6.0,0.0007984617390170773
1333.0,170.0,7.0,0.000983139964367966
1334.0,170.0,8.0,0.0007332811888932343
1335.0,170.0,9.0,0.0005703298135836266
1336.0,170.0,10.0,0.0004997175509494634
1337.0,170.0,11.0,0.0004997175509494634
1338.0,170.0,12.0,0.0004128101507843393
1339.0,170.0,13.0,0.00033676617563985575
1340.0,170.0,14.0,0.000298744188067614
1341.0,170.0,15.0,0.00024442706296441143
1342.0,170.0,16.0,0.00016838308781992787
1343.0,170.0,17.0,0.0002498587754747317
1344.0,170.0,18.0,0.0002009733628818494
1345.0,170.0,19.0,0.0002009733628818494
1346.0,170.0,20.0,0.00019010993786120888
1347.0,170.0,21.0,0.0001412245252683266
1348.0,170.0,22.0,0.00010863425020640508
1349.0,170.0,23.0,0.00010863425020640508
1350.0,170.0,24.0,0.0001629513753096076
1351.0,170.0,25.0,0.00010320253769608482
1352.0,170.0,26.0,0.00010863425020640508
1353.0,170.0,27.0,5.974883761352279e-05
1354.0,170.0,28.0,5.431712510320254e-05
1355.0,170.0,29.0,5.431712510320254e-05
1356.0,170.0,30.0,2.1726850041281015e-05
1357.0,170.0,31.0,2.1726850041281015e-05
1358.0,170.0,32.0,5.431712510320254e-06
1359.0,170.0,33.0,5.431712510320254e-06
1360.0,170.0,34.0,5.431712510320254e-06
1361.0,170.0,35.0,0.0
1362.0,170.0,36.0,0.0
1363.0,170.0,37.0,0.0
1364.0,170.0,38.0,0.0
1365.0,175.0,0.0,0.00012492938773736584
1366.0,175.0,1.0,0.0005540346760526659
1367.0,175.0,2.0,0.0006246469386868292
1368.0,175.0,3.0,0.0007604397514448355
1369.0,175.0,4.0,0.0009668448268370051
1370.0,175.0,5.0,0.0008527788641202799
1371.0,175.0,6.0,0.0010537522270021291
1372.0,175.0,7.0,0.0009559814018163646
1373.0,175.0,8.0,0.0008908008516925216
1374.0,175.0,9.0,0.0007550080389345153
1375.0,175.0,10.0,0.000749576326424195
1376.0,175.0,11.0,0.0005323078260113848
1377.0,175.0,12.0,0.0006681006387693913
1378.0,175.0,13.0,0.0005051492634597836
1379.0,175.0,14.0,0.00046712727588754183
1380.0,175.0,15.0,0.00032047103810889496
1381.0,175.0,16.0,0.0003313344631295355
1382.0,175.0,17.0,0.0002715856255160127
1383.0,175.0,18.0,0.00023356363794377092
1384.0,175.0,19.0,0.00019554165037152912
1385.0,175.0,20.0,0.00011949767522704558
1386.0,175.0,21.0,0.00015208795028896711
1387.0,175.0,22.0,0.00011406596271672534
1388.0,175.0,23.0,0.00014665623777864684
1389.0,175.0,24.0,0.00010320253769608482
1390.0,175.0,25.0,0.00011949767522704558
1391.0,175.0,26.0,5.974883761352279e-05
1392.0,175.0,27.0,8.690740016512406e-05
1393.0,175.0,28.0,4.888541259288228e-05
1394.0,175.0,29.0,4.888541259288228e-05
1395.0,175.0,30.0,5.431712510320254e-06
1396.0,175.0,31.0,2.715856255160127e-05
1397.0,175.0,32.0,1.629513753096076e-05
1398.0,175.0,33.0,1.0863425020640507e-05
1399.0,175.0,34.0,0.0
1400.0,175.0,35.0,0.0
1401.0,175.0,36.0,0.0
1402.0,175.0,37.0,0.0
1403.0,175.0,38.0,0.0
1404.0,180.0,0.0,0.00010863425020640508
1405.0,180.0,1.0,0.0004345370008256203
1406.0,180.0,2.0,0.0005594663885629861
1407.0,180.0,3.0,0.0008745057141615609
1408.0,180.0,4.0,0.0009070959892234823
1409.0,180.0,5.0,0.0010211619519402077
1410.0,180.0,6.0,0.0009722765393473254
1411.0,180.0,7.0,0.0009342545517750837
1412.0,180.0,8.0,0.0008799374266718811
1413.0,180.0,9.0,0.0008799374266718811
1414.0,180.0,10.0,0.0008419154390996393
1415.0,180.0,11.0,0.0007821666014861165
1416.0,180.0,12.0,0.0007006909138313127
1417.0,180.0,13.0,0.0005323078260113848
1418.0,180.0,14.0,0.0006192152261765089
1419.0,180.0,15.0,0.00045083213835658104
1420.0,180.0,16.0,0.0004182418632946595
1421.0,180.0,17.0,0.00034762960066049624
1422.0,180.0,18.0,0.00034762960066049624
1423.0,180.0,19.0,0.00017924651284056836
1424.0,180.0,20.0,0.0002715856255160127
1425.0,180.0,21.0,0.0002933124755572937
1426.0,180.0,22.0,0.00016838308781992787
1427.0,180.0,23.0,0.0001412245252683266
1428.0,180.0,24.0,0.0001629513753096076
1429.0,180.0,25.0,9.233911267544432e-05
1430.0,180.0,26.0,8.14756876548038e-05
1431.0,180.0,27.0,4.345370008256203e-05
1432.0,180.0,28.0,6.518055012384304e-05
1433.0,180.0,29.0,4.888541259288228e-05
1434.0,180.0,30.0,2.1726850041281015e-05
1435.0,180.0,31.0,1.0863425020640507e-05
1436.0,180.0,32.0,1.0863425020640507e-05
1437.0,180.0,33.0,5.431712510320254e-06
1438.0,180.0,34.0,1.629513753096076e-05
1439.0,180.0,35.0,0.0
1440.0,180.0,36.0,0.0
1441.0,180.0,37.0,1.0863425020640507e-05
1442.0,180.0,38.0,0.0
1443.0,185.0,0.0,0.00010320253769608482
1444.0,185.0,1.0,0.0003150393255985747
1445.0,185.0,2.0,0.0005594663885629861
1446.0,185.0,3.0,0.0008038934515273976
1447.0,185.0,4.0,0.0008799374266718811
1448.0,185.0,5.0,0.0009885716768782862
1449.0,185.0,6.0,0.0009179594142441229
1450.0,185.0,7.0,0.0009940033893886065
1451.0,185.0,8.0,0.0009288228392647634
1452.0,185.0,9.0,0.001135227914656933
1453.0,185.0,10.0,0.0008636422891409204
1454.0,185.0,11.0,0.0007984617390170773
1455.0,185.0,12.0,0.000749576326424195
1456.0,185.0,13.0,0.0007984617390170773
1457.0,185.0,14.0,0.0005866249511145874
1458.0,185.0,15.0,0.0006083518011558685
1459.0,185.0,16.0,0.0006300786511971494
1460.0,185.0,17.0,0.00038021987572241776
1461.0,185.0,18.0,0.0002933124755572937
1462.0,185.0,19.0,0.00019554165037152912
1463.0,185.0,20.0,0.00021726850041281016
1464.0,185.0,21.0,0.0002498587754747317
1465.0,185.0,22.0,0.00019554165037152912
1466.0,185.0,23.0,0.00020640507539216964
1467.0,185.0,24.0,0.00021183678790248988
1468.0,185.0,25.0,7.06122626341633e-05
1469.0,185.0,26.0,8.14756876548038e-05
1470.0,185.0,27.0,9.777082518576456e-05
1471.0,185.0,28.0,5.974883761352279e-05
1472.0,185.0,29.0,1.629513753096076e-05
1473.0,185.0,30.0,6.518055012384304e-05
1474.0,185.0,31.0,2.1726850041281015e-05
1475.0,185.0,32.0,2.1726850041281015e-05
1476.0,185.0,33.0,2.1726850041281015e-05
1477.0,185.0,34.0,5.431712510320254e-06
1478.0,185.0,35.0,0.0
1479.0,185.0,36.0,0.0
1480.0,185.0,37.0,0.0
1481.0,185.0,38.0,0.0
1482.0,190.0,0.0,9.777082518576456e-05
1483.0,190.0,1.0,0.00034762960066049624
1484.0,190.0,2.0,0.0005540346760526659
1485.0,190.0,3.0,0.0008527788641202799
1486.0,190.0,4.0,0.0009722765393473254
1487.0,190.0,5.0,0.0009722765393473254
1488.0,190.0,6.0,0.001113501064615652
1489.0,190.0,7.0,0.0009885716768782862
1490.0,190.0,8.0,0.0009722765393473254
1491.0,190.0,9.0,0.001178681614739495
1492.0,190.0,10.0,0.0009722765393473254
1493.0,190.0,11.0,0.0009451179767957242
1494.0,190.0,12.0,0.0010374570894711684
1495.0,190.0,13.0,0.0009614131143266849
1496.0,190.0,14.0,0.0009125277017338027
1497.0,190.0,15.0,0.0007658714639551558
1498.0,190.0,16.0,0.0006246469386868292
1499.0,190.0,17.0,0.0005594663885629861
1500.0,190.0,18.0,0.0004182418632946595
1501.0,190.0,19.0,0.00034762960066049624
1502.0,190.0,20.0,0.0002498587754747317
1503.0,190.0,21.0,0.0002933124755572937
1504.0,190.0,22.0,0.0002498587754747317
1505.0,190.0,23.0,0.00017924651284056836
1506.0,190.0,24.0,0.00013036110024768608
1507.0,190.0,25.0,0.00012492938773736584
1508.0,190.0,26.0,6.518055012384304e-05
1509.0,190.0,27.0,7.604397514448356e-05
1510.0,190.0,28.0,5.974883761352279e-05
1511.0,190.0,29.0,5.974883761352279e-05
1512.0,190.0,30.0,3.259027506192152e-05
1513.0,190.0,31.0,1.629513753096076e-05
1514.0,190.0,32.0,3.259027506192152e-05
1515.0,190.0,33.0,2.1726850041281015e-05
1516.0,190.0,34.0,5.431712510320254e-06
1517.0,190.0,35.0,5.431712510320254e-06
1518.0,190.0,36.0,0.0
1519.0,190.0,37.0,0.0
1520.0,190.0,38.0,0.0
1521.0,195.0,0.0,0.00013036110024768608
1522.0,195.0,1.0,0.00039108330074305825
1523.0,195.0,2.0,0.0005323078260113848
1524.0,195.0,3.0,0.000706122626341633
1525.0,195.0,4.0,0.0008582105766306001
1526.0,195.0,5.0,0.0009559814018163646
1527.0,195.0,6.0,0.0009559814018163646
1528.0,195.0,7.0,0.0012438621648633381
1529.0,195.0,8.0,0.0014013818276626254
1530.0,195.0,9.0,0.001325337852518142
1531.0,195.0,10.0,0.0012492938773736584
1532.0,195.0,11.0,0.0011895450397601355
1533.0,195.0,12.0,0.00107004736453309
1534.0,195.0,13.0,0.0011732499022291747
1535.0,195.0,14.0,0.0009233911267544432
1536.0,195.0,15.0,0.0009342545517750837
1537.0,195.0,16.0,0.0007984617390170773
1538.0,195.0,17.0,0.000727849476382914
1539.0,195.0,18.0,0.0004997175509494634
1540.0,195.0,19.0,0.0005214444009907443
1541.0,195.0,20.0,0.000342197888150176
1542.0,195.0,21.0,0.00030417590057793423
1543.0,195.0,22.0,0.00023899535045409116
1544.0,195.0,23.0,0.00015751966279928736
1545.0,195.0,24.0,0.00018467822535088863
1546.0,195.0,25.0,0.00012492938773736584
1547.0,195.0,26.0,5.974883761352279e-05
1548.0,195.0,27.0,5.974883761352279e-05
1549.0,195.0,28.0,3.259027506192152e-05
1550.0,195.0,29.0,3.259027506192152e-05
1551.0,195.0,30.0,5.431712510320254e-06
1552.0,195.0,31.0,5.431712510320254e-06
1553.0,195.0,32.0,0.0
1554.0,195.0,33.0,0.0
1555.0,195.0,34.0,0.0
1556.0,195.0,35.0,0.0
1557.0,195.0,36.0,0.0
1558.0,195.0,37.0,0.0
1559.0,195.0,38.0,0.0
1560.0,200.0,0.0,6.518055012384304e-05
1561.0,200.0,1.0,0.0002933124755572937
1562.0,200.0,2.0,0.0006355103637074697
1563.0,200.0,3.0,0.0008419154390996393
1564.0,200.0,4.0,0.0010374570894711684
1565.0,200.0,5.0,0.001026593664450528
1566.0,200.0,6.0,0.0011406596271672533
1567.0,200.0,7.0,0.0012547255898839786
1568.0,200.0,8.0,0.001347064702559423
1569.0,200.0,9.0,0.0013579281275800635
1570.0,200.0,10.0,0.0011841133272498152
1571.0,200.0,11.0,0.0012927475774562203
1572.0,200.0,12.0,0.0011406596271672533
1573.0,200.0,13.0,0.00107004736453309
1574.0,200.0,14.0,0.001113501064615652
1575.0,200.0,15.0,0.0009016642767131621
1576.0,200.0,16.0,0.0009070959892234823
1577.0,200.0,17.0,0.0008147568765480381
1578.0,200.0,18.0,0.0005811932386042671
1579.0,200.0,19.0,0.0004616955633772216
1580.0,200.0,20.0,0.0005214444009907443
1581.0,200.0,21.0,0.0004128101507843393
1582.0,200.0,22.0,0.0002933124755572937
1583.0,200.0,23.0,0.00017924651284056836
1584.0,200.0,24.0,0.00017924651284056836
1585.0,200.0,25.0,0.00015208795028896711
1586.0,200.0,26.0,0.00013579281275800635
1587.0,200.0,27.0,0.00013036110024768608
1588.0,200.0,28.0,8.14756876548038e-05
1589.0,200.0,29.0,4.888541259288228e-05
1590.0,200.0,30.0,1.0863425020640507e-05
1591.0,200.0,31.0,5.431712510320254e-06
1592.0,200.0,32.0,0.0
1593.0,200.0,33.0,0.0
1594.0,200.0,34.0,0.0
1595.0,200.0,35.0,0.0
1596.0,200.0,36.0,5.431712510320254e-06
1597.0,200.0,37.0,0.0
1598.0,200.0,38.0,0.0
1599.0,205.0,0.0,8.14756876548038e-05
1600.0,205.0,1.0,0.00030417590057793423
1601.0,205.0,2.0,0.0005540346760526659
1602.0,205.0,3.0,0.0007604397514448355
1603.0,205.0,4.0,0.0009288228392647634
1604.0,205.0,5.0,0.001309042714987181
1605.0,205.0,6.0,0.0011895450397601355
1606.0,205.0,7.0,0.0013796549776213445
1607.0,205.0,8.0,0.0013362012775387825
1608.0,205.0,9.0,0.0015914917655238344
1609.0,205.0,10.0,0.001455698952765828
1610.0,205.0,11.0,0.0011732499022291747
1611.0,205.0,12.0,0.0014285403902142267
1612.0,205.0,13.0,0.0011406596271672533
1613.0,205.0,14.0,0.0012275670273323774
1614.0,205.0,15.0,0.0011243644896362925
1615.0,205.0,16.0,0.0009614131143266849
1616.0,205.0,17.0,0.0009179594142441229
1617.0,205.0,18.0,0.0007930300265067571
1618.0,205.0,19.0,0.0007550080389345153
1619.0,205.0,20.0,0.000597488376135228
1620.0,205.0,21.0,0.0005051492634597836
1621.0,205.0,22.0,0.00036935645070177727
1622.0,205.0,23.0,0.00032047103810889496
1623.0,205.0,24.0,0.0002009733628818494
1624.0,205.0,25.0,0.00019554165037152912
1625.0,205.0,26.0,0.00013579281275800635
1626.0,205.0,27.0,3.802198757224178e-05
1627.0,205.0,28.0,7.06122626341633e-05
1628.0,205.0,29.0,3.259027506192152e-05
1629.0,205.0,30.0,1.0863425020640507e-05
1630.0,205.0,31.0,5.431712510320254e-06
1631.0,205.0,32.0,0.0
1632.0,205.0,33.0,0.0
1633.0,205.0,34.0,0.0
1634.0,205.0,35.0,0.0
1635.0,205.0,36.0,0.0
1636.0,205.0,37.0,0.0
1637.0,205.0,38.0,0.0
1638.0,210.0,0.0,7.604397514448356e-05
1639.0,210.0,1.0,0.0003530613131708165
1640.0,210.0,2.0,0.0005268761135010646
1641.0,210.0,3.0,0.0007224177638725938
1642.0,210.0,4.0,0.0009777082518576457
1643.0,210.0,5.0,0.0011243644896362925
1644.0,210.0,6.0,0.0012058401772910964
1645.0,210.0,7.0,0.0015317429279103115
1646.0,210.0,8.0,0.0013850866901316647
1647.0,210.0,9.0,0.0015317429279103115
1648.0,210.0,10.0,0.0015100160778690305
1649.0,210.0,11.0,0.0014394038152348671
1650.0,210.0,12.0,0.001412245252683266
1651.0,210.0,13.0,0.0013307695650284623
1652.0,210.0,14.0,0.0013416329900491028
1653.0,210.0,15.0,0.0011406596271672533
1654.0,210.0,16.0,0.0011460913396775735
1655.0,210.0,17.0,0.0011080693521053318
1656.0,210.0,18.0,0.0011243644896362925
1657.0,210.0,19.0,0.0008473471516099595
1658.0,210.0,20.0,0.0007767348889757962
1659.0,210.0,21.0,0.0004616955633772216
1660.0,210.0,22.0,0.0004128101507843393
1661.0,210.0,23.0,0.000342197888150176
1662.0,210.0,24.0,0.00028788076304697344
1663.0,210.0,25.0,0.00017381480033024812
1664.0,210.0,26.0,0.00015751966279928736
1665.0,210.0,27.0,4.888541259288228e-05
1666.0,210.0,28.0,2.1726850041281015e-05
1667.0,210.0,29.0,1.629513753096076e-05
1668.0,210.0,30.0,5.431712510320254e-06
1669.0,210.0,31.0,2.1726850041281015e-05
1670.0,210.0,32.0,0.0
1671.0,210.0,33.0,0.0
1672.0,210.0,34.0,0.0
1673.0,210.0,35.0,0.0
1674.0,210.0,36.0,0.0
1675.0,210.0,37.0,0.0
1676.0,210.0,38.0,0.0
1677.0,215.0,0.0,0.00010320253769608482
1678.0,215.0,1.0,0.000342197888150176
1679.0,215.0,2.0,0.0006409420762177899
1680.0,215.0,3.0,0.0008527788641202799
1681.0,215.0,4.0,0.0010428888019814887
1682.0,215.0,5.0,0.001178681614739495
1683.0,215.0,6.0,0.001309042714987181
1684.0,215.0,7.0,0.0015534697779515925
1685.0,215.0,8.0,0.0014665623777864686
1686.0,215.0,9.0,0.0015969234780341547
1687.0,215.0,10.0,0.001542606352930952
1688.0,215.0,11.0,0.00149915265284839
1689.0,215.0,12.0,0.001433972102724547
1690.0,215.0,13.0,0.0015697649154825532
1691.0,215.0,14.0,0.001412245252683266
1692.0,215.0,15.0,0.0011732499022291747
1693.0,215.0,16.0,0.0011460913396775735
1694.0,215.0,17.0,0.0012329987398426976
1695.0,215.0,18.0,0.0011080693521053318
1696.0,215.0,19.0,0.0009233911267544432
1697.0,215.0,20.0,0.0007658714639551558
1698.0,215.0,21.0,0.0007169860513622735
1699.0,215.0,22.0,0.0004616955633772216
1700.0,215.0,23.0,0.000342197888150176
1701.0,215.0,24.0,0.00021726850041281016
1702.0,215.0,25.0,0.00014665623777864684
1703.0,215.0,26.0,0.00011406596271672534
1704.0,215.0,27.0,0.00011949767522704558
1705.0,215.0,28.0,9.233911267544432e-05
1706.0,215.0,29.0,4.345370008256203e-05
1707.0,215.0,30.0,5.431712510320254e-06
1708.0,215.0,31.0,5.431712510320254e-06
1709.0,215.0,32.0,5.431712510320254e-06
1710.0,215.0,33.0,0.0
1711.0,215.0,34.0,0.0
1712.0,215.0,35.0,0.0
1713.0,215.0,36.0,0.0
1714.0,215.0,37.0,0.0
1715.0,215.0,38.0,0.0
1716.0,220.0,0.0,6.518055012384304e-05
1717.0,220.0,1.0,0.00034762960066049624
1718.0,220.0,2.0,0.0005323078260113848
1719.0,220.0,3.0,0.0007930300265067571
1720.0,220.0,4.0,0.0009233911267544432
1721.0,220.0,5.0,0.0013144744274975013
1722.0,220.0,6.0,0.0015263112153999913
1723.0,220.0,7.0,0.001520879502889671
1724.0,220.0,8.0,0.001477425802807109
1725.0,220.0,9.0,0.001477425802807109
1726.0,220.0,10.0,0.0015154477903793508
1727.0,220.0,11.0,0.0014013818276626254
1728.0,220.0,12.0,0.0016132186155651154
1729.0,220.0,13.0,0.001580628340503194
1730.0,220.0,14.0,0.0014882892278277496
1731.0,220.0,15.0,0.0013144744274975013
1732.0,220.0,16.0,0.0013144744274975013
1733.0,220.0,17.0,0.0011841133272498152
1734.0,220.0,18.0,0.0009233911267544432
1735.0,220.0,19.0,0.0009288228392647634
1736.0,220.0,20.0,0.0008473471516099595
1737.0,220.0,21.0,0.0006029200886455482
1738.0,220.0,22.0,0.0004345370008256203
1739.0,220.0,23.0,0.0003259027506192152
1740.0,220.0,24.0,0.00013036110024768608
1741.0,220.0,25.0,0.00012492938773736584
1742.0,220.0,26.0,0.00010320253769608482
1743.0,220.0,27.0,7.06122626341633e-05
1744.0,220.0,28.0,3.802198757224178e-05
1745.0,220.0,29.0,1.0863425020640507e-05
1746.0,220.0,30.0,1.0863425020640507e-05
1747.0,220.0,31.0,0.0
1748.0,220.0,32.0,0.0
1749.0,220.0,33.0,5.431712510320254e-06
1750.0,220.0,34.0,0.0
1751.0,220.0,35.0,0.0
1752.0,220.0,36.0,0.0
1753.0,220.0,37.0,0.0
1754.0,220.0,38.0,0.0
1755.0,225.0,0.0,9.777082518576456e-05
1756.0,225.0,1.0,0.0002933124755572937
1757.0,225.0,2.0,0.0007006909138313127
1758.0,225.0,3.0,0.0007441446139138748
1759.0,225.0,4.0,0.001113501064615652
1760.0,225.0,5.0,0.0011515230521878938
1761.0,225.0,6.0,0.0014665623777864686
1762.0,225.0,7.0,0.0014719940902967888
1763.0,225.0,8.0,0.001433972102724547
1764.0,225.0,9.0,0.0013850866901316647
1765.0,225.0,10.0,0.0016077869030547952
1766.0,225.0,11.0,0.0014448355277451876
1767.0,225.0,12.0,0.0015371746404206318
1768.0,225.0,13.0,0.0014176769651935862
1769.0,225.0,14.0,0.0014665623777864686
1770.0,225.0,15.0,0.0014285403902142267
1771.0,225.0,16.0,0.0014231086777039064
1772.0,225.0,17.0,0.0010754790770434103
1773.0,225.0,18.0,0.0010428888019814887
1774.0,225.0,19.0,0.0007115543388519532
1775.0,225.0,20.0,0.0005105809759701038
1776.0,225.0,21.0,0.00046712727588754183
1777.0,225.0,22.0,0.00033676617563985575
1778.0,225.0,23.0,0.00016838308781992787
1779.0,225.0,24.0,0.00011949767522704558
1780.0,225.0,25.0,0.00011406596271672534
1781.0,225.0,26.0,4.345370008256203e-05
1782.0,225.0,27.0,2.715856255160127e-05
1783.0,225.0,28.0,1.0863425020640507e-05
1784.0,225.0,29.0,5.431712510320254e-06
1785.0,225.0,30.0,0.0
1786.0,225.0,31.0,0.0
1787.0,225.0,32.0,0.0
1788.0,225.0,33.0,0.0
1789.0,225.0,34.0,0.0
1790.0,225.0,35.0,0.0
1791.0,225.0,36.0,0.0
1792.0,225.0,37.0,0.0
1793.0,225.0,38.0,0.0
1794.0,230.0,0.0,5.974883761352279e-05
1795.0,230.0,1.0,0.0003313344631295355
1796.0,230.0,2.0,0.0005757615260939469
1797.0,230.0,3.0,0.0007930300265067571
1798.0,230.0,4.0,0.0010102985269195672
1799.0,230.0,5.0,0.0012927475774562203
1800.0,230.0,6.0,0.0015154477903793508
1801.0,230.0,7.0,0.0015914917655238344
1802.0,230.0,8.0,0.0015534697779515925
1803.0,230.0,9.0,0.0015263112153999913
1804.0,230.0,10.0,0.0014285403902142267
1805.0,230.0,11.0,0.0016458088906270369
1806.0,230.0,12.0,0.001347064702559423
1807.0,230.0,13.0,0.0013796549776213445
1808.0,230.0,14.0,0.0014176769651935862
1809.0,230.0,15.0,0.0012655890149046191
1810.0,230.0,16.0,0.0010374570894711684
1811.0,230.0,17.0,0.001026593664450528
1812.0,230.0,18.0,0.000749576326424195
1813.0,230.0,19.0,0.0007332811888932343
1814.0,230.0,20.0,0.0005431712510320254
1815.0,230.0,21.0,0.0003150393255985747
1816.0,230.0,22.0,0.00021183678790248988
1817.0,230.0,23.0,0.00010320253769608482
1818.0,230.0,24.0,8.690740016512406e-05
1819.0,230.0,25.0,6.518055012384304e-05
1820.0,230.0,26.0,1.629513753096076e-05
1821.0,230.0,27.0,5.431712510320254e-06
1822.0,230.0,28.0,5.431712510320254e-06
1823.0,230.0,29.0,5.431712510320254e-06
1824.0,230.0,30.0,0.0
1825.0,230.0,31.0,0.0
1826.0,230.0,32.0,0.0
1827.0,230.0,33.0,0.0
1828.0,230.0,34.0,0.0
1829.0,230.0,35.0,0.0
1830.0,230.0,36.0,0.0
1831.0,230.0,37.0,0.0
1832.0,230.0,38.0,0.0
1833.0,235.0,0.0,9.233911267544432e-05
1834.0,235.0,1.0,0.00030960761308825447
1835.0,235.0,2.0,0.0004888541259288229
1836.0,235.0,3.0,0.0007930300265067571
1837.0,235.0,4.0,0.001004866814409247
1838.0,235.0,5.0,0.001178681614739495
1839.0,235.0,6.0,0.001325337852518142
1840.0,235.0,7.0,0.001580628340503194
1841.0,235.0,8.0,0.0015697649154825532
1842.0,235.0,9.0,0.0014013818276626254
1843.0,235.0,10.0,0.0012927475774562203
1844.0,235.0,11.0,0.0013524964150697432
1845.0,235.0,12.0,0.0010320253769608482
1846.0,235.0,13.0,0.0012329987398426976
1847.0,235.0,14.0,0.0012221353148220572
1848.0,235.0,15.0,0.0010102985269195672
1849.0,235.0,16.0,0.0008147568765480381
1850.0,235.0,17.0,0.0006898274888106722
1851.0,235.0,18.0,0.0007441446139138748
1852.0,235.0,19.0,0.0005431712510320254
1853.0,235.0,20.0,0.0003747881632120975
1854.0,235.0,21.0,0.0002715856255160127
1855.0,235.0,22.0,0.0001629513753096076
1856.0,235.0,23.0,0.00010320253769608482
1857.0,235.0,24.0,4.345370008256203e-05
1858.0,235.0,25.0,2.715856255160127e-05
1859.0,235.0,26.0,2.1726850041281015e-05
1860.0,235.0,27.0,5.431712510320254e-06
1861.0,235.0,28.0,5.431712510320254e-06
1862.0,235.0,29.0,0.0
1863.0,235.0,30.0,5.431712510320254e-06
1864.0,235.0,31.0,0.0
1865.0,235.0,32.0,0.0
1866.0,235.0,33.0,0.0
1867.0,235.0,34.0,0.0
1868.0,235.0,35.0,0.0
1869.0,235.0,36.0,0.0
1870.0,235.0,37.0,0.0
1871.0,235.0,38.0,0.0
1872.0,240.0,0.0,0.00011406596271672534
1873.0,240.0,1.0,0.0003150393255985747
1874.0,240.0,2.0,0.0006192152261765089
1875.0,240.0,3.0,0.0008310520140789988
1876.0,240.0,4.0,0.0009722765393473254
1877.0,240.0,5.0,0.0011189327771259723
1878.0,240.0,6.0,0.0013579281275800635
1879.0,240.0,7.0,0.0015371746404206318
1880.0,240.0,8.0,0.001347064702559423
1881.0,240.0,9.0,0.0012492938773736584
1882.0,240.0,10.0,0.0014285403902142267
1883.0,240.0,11.0,0.0012438621648633381
1884.0,240.0,12.0,0.0011678181897188545
1885.0,240.0,13.0,0.0011297962021466128
1886.0,240.0,14.0,0.001156954764698214
1887.0,240.0,15.0,0.0009994351018989267
1888.0,240.0,16.0,0.000706122626341633
1889.0,240.0,17.0,0.0005866249511145874
1890.0,240.0,18.0,0.0005268761135010646
1891.0,240.0,19.0,0.00042910528831530007
1892.0,240.0,20.0,0.000298744188067614
1893.0,240.0,21.0,0.00015751966279928736
1894.0,240.0,22.0,0.0001412245252683266
1895.0,240.0,23.0,7.604397514448356e-05
1896.0,240.0,24.0,1.629513753096076e-05
1897.0,240.0,25.0,1.629513753096076e-05
1898.0,240.0,26.0,1.0863425020640507e-05
1899.0,240.0,27.0,0.0
1900.0,240.0,28.0,0.0
1901.0,240.0,29.0,0.0
1902.0,240.0,30.0,0.0
1903.0,240.0,31.0,0.0
1904.0,240.0,32.0,0.0
1905.0,240.0,33.0,0.0
1906.0,240.0,34.0,0.0
1907.0,240.0,35.0,0.0
1908.0,240.0,36.0,0.0
1909.0,240.0,37.0,0.0
1910.0,240.0,38.0,0.0
1911.0,245.0,0.0,5.974883761352279e-05
1912.0,245.0,1.0,0.0003150393255985747
1913.0,245.0,2.0,0.0005214444009907443
1914.0,245.0,3.0,0.0008147568765480381
1915.0,245.0,4.0,0.0009342545517750837
1916.0,245.0,5.0,0.0011460913396775735
1917.0,245.0,6.0,0.0014013818276626254
1918.0,245.0,7.0,0.001347064702559423
1919.0,245.0,8.0,0.0012547255898839786
1920.0,245.0,9.0,0.0013524964150697432
1921.0,245.0,10.0,0.0014448355277451876
1922.0,245.0,11.0,0.001178681614739495
1923.0,245.0,12.0,0.0011678181897188545
1924.0,245.0,13.0,0.0011732499022291747
1925.0,245.0,14.0,0.0009505496893060444
1926.0,245.0,15.0,0.0006735323512797115
1927.0,245.0,16.0,0.0006409420762177899
1928.0,245.0,17.0,0.0004997175509494634
1929.0,245.0,18.0,0.0002552904879850519
1930.0,245.0,19.0,0.00027701733802633295
1931.0,245.0,20.0,0.00020640507539216964
1932.0,245.0,21.0,0.00013036110024768608
1933.0,245.0,22.0,3.802198757224178e-05
1934.0,245.0,23.0,5.431712510320254e-05
1935.0,245.0,24.0,2.1726850041281015e-05
1936.0,245.0,25.0,5.431712510320254e-06
1937.0,245.0,26.0,5.431712510320254e-06
1938.0,245.0,27.0,5.431712510320254e-06
1939.0,245.0,28.0,1.0863425020640507e-05
1940.0,245.0,29.0,5.431712510320254e-06
1941.0,245.0,30.0,0.0
1942.0,245.0,31.0,0.0
1943.0,245.0,32.0,0.0
1944.0,245.0,33.0,0.0
1945.0,245.0,34.0,0.0
1946.0,245.0,35.0,0.0
1947.0,245.0,36.0,0.0
1948.0,245.0,37.0,0.0
1949.0,245.0,38.0,0.0
1950.0,250.0,0.0,7.06122626341633e-05
1951.0,250.0,1.0,0.0003530613131708165
1952.0,250.0,2.0,0.00046712727588754183
1953.0,250.0,3.0,0.0008201885890583583
1954.0,250.0,4.0,0.0008908008516925216
1955.0,250.0,5.0,0.001026593664450528
1956.0,250.0,6.0,0.0013633598400903837
1957.0,250.0,7.0,0.0012710207274149394
1958.0,250.0,8.0,0.0012981792899665406
1959.0,250.0,9.0,0.0013633598400903837
1960.0,250.0,10.0,0.0012764524399252596
1961.0,250.0,11.0,0.0011678181897188545
1962.0,250.0,12.0,0.001216703602311737
1963.0,250.0,13.0,0.0008636422891409204
1964.0,250.0,14.0,0.0010211619519402077
1965.0,250.0,15.0,0.0007332811888932343
1966.0,250.0,16.0,0.0005323078260113848
1967.0,250.0,17.0,0.0003530613131708165
1968.0,250.0,18.0,0.00027701733802633295
1969.0,250.0,19.0,0.00024442706296441143
1970.0,250.0,20.0,0.00019010993786120888
1971.0,250.0,21.0,7.604397514448356e-05
1972.0,250.0,22.0,7.06122626341633e-05
1973.0,250.0,23.0,4.345370008256203e-05
1974.0,250.0,24.0,2.1726850041281015e-05
1975.0,250.0,25.0,5.431712510320254e-06
1976.0,250.0,26.0,5.431712510320254e-06
1977.0,250.0,27.0,0.0
1978.0,250.0,28.0,0.0
1979.0,250.0,29.0,0.0
1980.0,250.0,30.0,5.431712510320254e-06
1981.0,250.0,31.0,0.0
1982.0,250.0,32.0,0.0
1983.0,250.0,33.0,0.0
1984.0,250.0,34.0,0.0
1985.0,250.0,35.0,0.0
1986.0,250.0,36.0,0.0
1987.0,250.0,37.0,0.0
1988.0,250.0,38.0,0.0
1989.0,255.0,0.0,8.14756876548038e-05
1990.0,255.0,1.0,0.0002715856255160127
1991.0,255.0,2.0,0.0005214444009907443
1992.0,255.0,3.0,0.0007115543388519532
1993.0,255.0,4.0,0.0009233911267544432
1994.0,255.0,5.0,0.0011406596271672533
1995.0,255.0,6.0,0.001113501064615652
1996.0,255.0,7.0,0.0012058401772910964
1997.0,255.0,8.0,0.0012112718898014167
1998.0,255.0,9.0,0.0014231086777039064
1999.0,255.0,10.0,0.0012384304523530179
2000.0,255.0,11.0,0.0011080693521053318
2001.0,255.0,12.0,0.0010537522270021291
2002.0,255.0,13.0,0.0008093251640377178
2003.0,255.0,14.0,0.0007658714639551558
2004.0,255.0,15.0,0.0006029200886455482
2005.0,255.0,16.0,0.0004019467257636988
2006.0,255.0,17.0,0.000342197888150176
2007.0,255.0,18.0,0.00030417590057793423
2008.0,255.0,19.0,0.00023356363794377092
2009.0,255.0,20.0,0.00011949767522704558
2010.0,255.0,21.0,9.777082518576456e-05
2011.0,255.0,22.0,3.802198757224178e-05
2012.0,255.0,23.0,5.431712510320254e-05
2013.0,255.0,24.0,4.345370008256203e-05
2014.0,255.0,25.0,1.629513753096076e-05
2015.0,255.0,26.0,5.431712510320254e-06
2016.0,255.0,27.0,1.0863425020640507e-05
2017.0,255.0,28.0,5.431712510320254e-06
2018.0,255.0,29.0,5.431712510320254e-06
2019.0,255.0,30.0,1.0863425020640507e-05
2020.0,255.0,31.0,0.0
2021.0,255.0,32.0,0.0
2022.0,255.0,33.0,0.0
2023.0,255.0,34.0,0.0
2024.0,255.0,35.0,0.0
2025.0,255.0,36.0,0.0
2026.0,255.0,37.0,0.0
2027.0,255.0,38.0,0.0
2028.0,260.0,0.0,0.00011406596271672534
2029.0,260.0,1.0,0.0003530613131708165
2030.0,260.0,2.0,0.0006463737887281102
2031.0,260.0,3.0,0.0006463737887281102
2032.0,260.0,4.0,0.0009614131143266849
2033.0,260.0,5.0,0.0010809107895537306
2034.0,260.0,6.0,0.0012275670273323774
2035.0,260.0,7.0,0.0012438621648633381
2036.0,260.0,8.0,0.0013307695650284623
2037.0,260.0,9.0,0.0012655890149046191
2038.0,260.0,10.0,0.00107004736453309
2039.0,260.0,11.0,0.0011297962021466128
2040.0,260.0,12.0,0.0009070959892234823
2041.0,260.0,13.0,0.0007767348889757962
2042.0,260.0,14.0,0.0008690740016512406
2043.0,260.0,15.0,0.0006681006387693913
2044.0,260.0,16.0,0.0004616955633772216
2045.0,260.0,17.0,0.0003259027506192152
2046.0,260.0,18.0,0.00021726850041281016
2047.0,260.0,19.0,0.00011406596271672534
2048.0,260.0,20.0,7.604397514448356e-05
2049.0,260.0,21.0,4.888541259288228e-05
2050.0,260.0,22.0,4.345370008256203e-05
2051.0,260.0,23.0,5.431712510320254e-05
2052.0,260.0,24.0,2.1726850041281015e-05
2053.0,260.0,25.0,2.1726850041281015e-05
2054.0,260.0,26.0,2.1726850041281015e-05
2055.0,260.0,27.0,0.0
2056.0,260.0,28.0,0.0
2057.0,260.0,29.0,0.0
2058.0,260.0,30.0,0.0
2059.0,260.0,31.0,0.0
2060.0,260.0,32.0,0.0
2061.0,260.0,33.0,0.0
2062.0,260.0,34.0,0.0
2063.0,260.0,35.0,0.0
2064.0,260.0,36.0,0.0
2065.0,260.0,37.0,0.0
2066.0,260.0,38.0,0.0
2067.0,265.0,0.0,9.777082518576456e-05
2068.0,265.0,1.0,0.0003747881632120975
2069.0,265.0,2.0,0.0005540346760526659
2070.0,265.0,3.0,0.0007115543388519532
2071.0,265.0,4.0,0.0008908008516925216
2072.0,265.0,5.0,0.0009342545517750837
2073.0,265.0,6.0,0.0011460913396775735
2074.0,265.0,7.0,0.0012492938773736584
2075.0,265.0,8.0,0.0013959501151523052
2076.0,265.0,9.0,0.0013524964150697432
2077.0,265.0,10.0,0.0012275670273323774
2078.0,265.0,11.0,0.0008908008516925216
2079.0,265.0,12.0,0.0009342545517750837
2080.0,265.0,13.0,0.0008147568765480381
2081.0,265.0,14.0,0.0008908008516925216
2082.0,265.0,15.0,0.000662668926259071
2083.0,265.0,16.0,0.00045083213835658104
2084.0,265.0,17.0,0.00033676617563985575
2085.0,265.0,18.0,0.0002552904879850519
2086.0,265.0,19.0,0.00019010993786120888
2087.0,265.0,20.0,0.00011949767522704558
2088.0,265.0,21.0,7.06122626341633e-05
2089.0,265.0,22.0,7.06122626341633e-05
2090.0,265.0,23.0,3.802198757224178e-05
2091.0,265.0,24.0,3.802198757224178e-05
2092.0,265.0,25.0,1.629513753096076e-05
2093.0,265.0,26.0,0.0
2094.0,265.0,27.0,5.431712510320254e-06
2095.0,265.0,28.0,0.0
2096.0,265.0,29.0,0.0
2097.0,265.0,30.0,0.0
2098.0,265.0,31.0,0.0
2099.0,265.0,32.0,0.0
2100.0,265.0,33.0,0.0
2101.0,265.0,34.0,0.0
2102.0,265.0,35.0,0.0
2103.0,265.0,36.0,0.0
2104.0,265.0,37.0,0.0
2105.0,265.0,38.0,0.0
2106.0,270.0,0.0,8.690740016512406e-05
2107.0,270.0,1.0,0.0003530613131708165
2108.0,270.0,2.0,0.0006355103637074697
2109.0,270.0,3.0,0.0007604397514448355
2110.0,270.0,4.0,0.0008147568765480381
2111.0,270.0,5.0,0.0009994351018989267
2112.0,270.0,6.0,0.0011026376395950116
2113.0,270.0,7.0,0.0012981792899665406
2114.0,270.0,8.0,0.0013036110024768608
2115.0,270.0,9.0,0.0011243644896362925
2116.0,270.0,10.0,0.0012655890149046191
2117.0,270.0,11.0,0.0011460913396775735
2118.0,270.0,12.0,0.0009288228392647634
2119.0,270.0,13.0,0.0008690740016512406
2120.0,270.0,14.0,0.0008473471516099595
2121.0,270.0,15.0,0.0008310520140789988
2122.0,270.0,16.0,0.0007006909138313127
2123.0,270.0,17.0,0.0004345370008256203
2124.0,270.0,18.0,0.00028788076304697344
2125.0,270.0,19.0,0.0002498587754747317
2126.0,270.0,20.0,0.00014665623777864684
2127.0,270.0,21.0,0.00011406596271672534
2128.0,270.0,22.0,0.00012492938773736584
2129.0,270.0,23.0,7.604397514448356e-05
2130.0,270.0,24.0,7.06122626341633e-05
2131.0,270.0,25.0,2.715856255160127e-05
2132.0,270.0,26.0,1.0863425020640507e-05
2133.0,270.0,27.0,0.0
2134.0,270.0,28.0,0.0
2135.0,270.0,29.0,5.431712510320254e-06
2136.0,270.0,30.0,0.0
2137.0,270.0,31.0,0.0
2138.0,270.0,32.0,0.0
2139.0,270.0,33.0,0.0
2140.0,270.0,34.0,0.0
2141.0,270.0,35.0,0.0
2142.0,270.0,36.0,0.0
2143.0,270.0,37.0,0.0
2144.0,270.0,38.0,0.0
2145.0,275.0,0.0,8.690740016512406e-05
2146.0,275.0,1.0,0.0003313344631295355
2147.0,275.0,2.0,0.0004779907009081823
2148.0,275.0,3.0,0.0007821666014861165
2149.0,275.0,4.0,0.0008147568765480381
2150.0,275.0,5.0,0.0011460913396775735
2151.0,275.0,6.0,0.0010537522270021291
2152.0,275.0,7.0,0.0013199061400078218
2153.0,275.0,8.0,0.0012112718898014167
2154.0,275.0,9.0,0.0012112718898014167
2155.0,275.0,10.0,0.0012981792899665406
2156.0,275.0,11.0,0.0012058401772910964
2157.0,275.0,12.0,0.0009885716768782862
2158.0,275.0,13.0,0.0008038934515273976
2159.0,275.0,14.0,0.0006952592013209925
2160.0,275.0,15.0,0.0007387129014035545
2161.0,275.0,16.0,0.0006083518011558685
2162.0,275.0,17.0,0.0004345370008256203
2163.0,275.0,18.0,0.0004128101507843393
2164.0,275.0,19.0,0.0002227002129231304
2165.0,275.0,20.0,0.0002498587754747317
2166.0,275.0,21.0,0.00013579281275800635
2167.0,275.0,22.0,0.00013036110024768608
2168.0,275.0,23.0,8.690740016512406e-05
2169.0,275.0,24.0,1.629513753096076e-05
2170.0,275.0,25.0,2.1726850041281015e-05
2171.0,275.0,26.0,1.0863425020640507e-05
2172.0,275.0,27.0,1.0863425020640507e-05
2173.0,275.0,28.0,0.0
2174.0,275.0,29.0,0.0
2175.0,275.0,30.0,0.0
2176.0,275.0,31.0,0.0
2177.0,275.0,32.0,0.0
2178.0,275.0,33.0,0.0
2179.0,275.0,34.0,0.0
2180.0,275.0,35.0,0.0
2181.0,275.0,36.0,0.0
2182.0,275.0,37.0,0.0
2183.0,275.0,38.0,0.0
2184.0,280.0,0.0,7.604397514448356e-05
2185.0,280.0,1.0,0.00039108330074305825
2186.0,280.0,2.0,0.0005160126884804241
2187.0,280.0,3.0,0.0007767348889757962
2188.0,280.0,4.0,0.0008256203015686786
2189.0,280.0,5.0,0.0009668448268370051
2190.0,280.0,6.0,0.001004866814409247
2191.0,280.0,7.0,0.0012873158649459
2192.0,280.0,8.0,0.0012818841524355798
2193.0,280.0,9.0,0.0013036110024768608
2194.0,280.0,10.0,0.001156954764698214
2195.0,280.0,11.0,0.0011460913396775735
2196.0,280.0,12.0,0.001004866814409247
2197.0,280.0,13.0,0.000836483726589319
2198.0,280.0,14.0,0.0008473471516099595
2199.0,280.0,15.0,0.0008962325642028418
2200.0,280.0,16.0,0.0006518055012384304
2201.0,280.0,17.0,0.0004128101507843393
2202.0,280.0,18.0,0.00038021987572241776
2203.0,280.0,19.0,0.00028788076304697344
2204.0,280.0,20.0,0.00021183678790248988
2205.0,280.0,21.0,0.00012492938773736584
2206.0,280.0,22.0,8.14756876548038e-05
2207.0,280.0,23.0,5.431712510320254e-05
2208.0,280.0,24.0,1.629513753096076e-05
2209.0,280.0,25.0,3.802198757224178e-05
2210.0,280.0,26.0,5.431712510320254e-06
2211.0,280.0,27.0,0.0
2212.0,280.0,28.0,0.0
2213.0,280.0,29.0,0.0
2214.0,280.0,30.0,0.0
2215.0,280.0,31.0,5.431712510320254e-06
2216.0,280.0,32.0,0.0
2217.0,280.0,33.0,0.0
2218.0,280.0,34.0,0.0
2219.0,280.0,35.0,0.0
2220.0,280.0,36.0,0.0
2221.0,280.0,37.0,0.0
2222.0,280.0,38.0,0.0
2223.0,285.0,0.0,0.00010320253769608482
2224.0,285.0,1.0,0.0003150393255985747
2225.0,285.0,2.0,0.0005160126884804241
2226.0,285.0,3.0,0.0007224177638725938
2227.0,285.0,4.0,0.0008690740016512406
2228.0,285.0,5.0,0.0008799374266718811
2229.0,285.0,6.0,0.0010157302394298874
2230.0,285.0,7.0,0.0011841133272498152
2231.0,285.0,8.0,0.0013362012775387825
2232.0,285.0,9.0,0.001347064702559423
2233.0,285.0,10.0,0.0011515230521878938
2234.0,285.0,11.0,0.0012329987398426976
2235.0,285.0,12.0,0.001004866814409247
2236.0,285.0,13.0,0.0008201885890583583
2237.0,285.0,14.0,0.0008419154390996393
2238.0,285.0,15.0,0.0007332811888932343
2239.0,285.0,16.0,0.0006083518011558685
2240.0,285.0,17.0,0.00036935645070177727
2241.0,285.0,18.0,0.0003150393255985747
2242.0,285.0,19.0,0.00021726850041281016
2243.0,285.0,20.0,0.00013579281275800635
2244.0,285.0,21.0,0.00014665623777864684
2245.0,285.0,22.0,6.518055012384304e-05
2246.0,285.0,23.0,3.259027506192152e-05
2247.0,285.0,24.0,2.1726850041281015e-05
2248.0,285.0,25.0,2.1726850041281015e-05
2249.0,285.0,26.0,1.0863425020640507e-05
2250.0,285.0,27.0,0.0
2251.0,285.0,28.0,0.0
2252.0,285.0,29.0,0.0
2253.0,285.0,30.0,0.0
2254.0,285.0,31.0,0.0
2255.0,285.0,32.0,0.0
2256.0,285.0,33.0,0.0
2257.0,285.0,34.0,0.0
2258.0,285.0,35.0,0.0
2259.0,285.0,36.0,0.0
2260.0,285.0,37.0,0.0
2261.0,285.0,38.0,0.0
2262.0,290.0,0.0,0.00010320253769608482
2263.0,290.0,1.0,0.00030960761308825447
2264.0,290.0,2.0,0.0005920566636249076
2265.0,290.0,3.0,0.0006137835136661887
2266.0,290.0,4.0,0.0008256203015686786
2267.0,290.0,5.0,0.0008582105766306001
2268.0,290.0,6.0,0.0010428888019814887
2269.0,290.0,7.0,0.0012873158649459
2270.0,290.0,8.0,0.0013850866901316647
2271.0,290.0,9.0,0.001347064702559423
2272.0,290.0,10.0,0.0011732499022291747
2273.0,290.0,11.0,0.0011732499022291747
2274.0,290.0,12.0,0.001026593664450528
2275.0,290.0,13.0,0.0009451179767957242
2276.0,290.0,14.0,0.000836483726589319
2277.0,290.0,15.0,0.000771303176465476
2278.0,290.0,16.0,0.0005866249511145874
2279.0,290.0,17.0,0.00039108330074305825
2280.0,290.0,18.0,0.0002552904879850519
2281.0,290.0,19.0,0.00023899535045409116
2282.0,290.0,20.0,0.00018467822535088863
2283.0,290.0,21.0,0.00015751966279928736
2284.0,290.0,22.0,6.518055012384304e-05
2285.0,290.0,23.0,8.14756876548038e-05
2286.0,290.0,24.0,7.604397514448356e-05
2287.0,290.0,25.0,3.259027506192152e-05
2288.0,290.0,26.0,5.431712510320254e-06
2289.0,290.0,27.0,5.431712510320254e-06
2290.0,290.0,28.0,0.0
2291.0,290.0,29.0,0.0
2292.0,290.0,30.0,0.0
2293.0,290.0,31.0,0.0
2294.0,290.0,32.0,0.0
2295.0,290.0,33.0,0.0
2296.0,290.0,34.0,0.0
2297.0,290.0,35.0,0.0
2298.0,290.0,36.0,0.0
2299.0,290.0,37.0,0.0
2300.0,290.0,38.0,0.0
2301.0,295.0,0.0,5.431712510320254e-05
2302.0,295.0,1.0,0.00027701733802633295
2303.0,295.0,2.0,0.0006083518011558685
2304.0,295.0,3.0,0.000662668926259071
2305.0,295.0,4.0,0.0008038934515273976
2306.0,295.0,5.0,0.0009179594142441229
2307.0,295.0,6.0,0.0010102985269195672
2308.0,295.0,7.0,0.0012438621648633381
2309.0,295.0,8.0,0.00107004736453309
2310.0,295.0,9.0,0.0012873158649459
2311.0,295.0,10.0,0.0011841133272498152
2312.0,295.0,11.0,0.0011460913396775735
2313.0,295.0,12.0,0.0009614131143266849
2314.0,295.0,13.0,0.0009125277017338027
2315.0,295.0,14.0,0.0008038934515273976
2316.0,295.0,15.0,0.000771303176465476
2317.0,295.0,16.0,0.0005214444009907443
2318.0,295.0,17.0,0.0003530613131708165
2319.0,295.0,18.0,0.0003313344631295355
2320.0,295.0,19.0,0.00020640507539216964
2321.0,295.0,20.0,0.00023899535045409116
2322.0,295.0,21.0,0.00017381480033024812
2323.0,295.0,22.0,0.00011406596271672534
2324.0,295.0,23.0,7.604397514448356e-05
2325.0,295.0,24.0,3.802198757224178e-05
2326.0,295.0,25.0,2.715856255160127e-05
2327.0,295.0,26.0,1.0863425020640507e-05
2328.0,295.0,27.0,1.0863425020640507e-05
2329.0,295.0,28.0,1.0863425020640507e-05
2330.0,295.0,29.0,0.0
2331.0,295.0,30.0,0.0
2332.0,295.0,31.0,0.0
2333.0,295.0,32.0,0.0
2334.0,295.0,33.0,0.0
2335.0,295.0,34.0,0.0
2336.0,295.0,35.0,0.0
2337.0,295.0,36.0,0.0
2338.0,295.0,37.0,0.0
2339.0,295.0,38.0,0.0
2340.0,300.0,0.0,0.00010320253769608482
2341.0,300.0,1.0,0.00034762960066049624
2342.0,300.0,2.0,0.0005268761135010646
2343.0,300.0,3.0,0.0006463737887281102
2344.0,300.0,4.0,0.0007821666014861165
2345.0,300.0,5.0,0.0010211619519402077
2346.0,300.0,6.0,0.0010863425020640508
2347.0,300.0,7.0,0.0009451179767957242
2348.0,300.0,8.0,0.00107004736453309
2349.0,300.0,9.0,0.0010863425020640508
2350.0,300.0,10.0,0.0009940033893886065
2351.0,300.0,11.0,0.0011243644896362925
2352.0,300.0,12.0,0.0009396862642854039
2353.0,300.0,13.0,0.0008582105766306001
2354.0,300.0,14.0,0.000771303176465476
2355.0,300.0,15.0,0.0006409420762177899
2356.0,300.0,16.0,0.0005920566636249076
2357.0,300.0,17.0,0.00042910528831530007
2358.0,300.0,18.0,0.00028788076304697344
2359.0,300.0,19.0,0.0002824490505366532
2360.0,300.0,20.0,0.00017924651284056836
2361.0,300.0,21.0,0.00012492938773736584
2362.0,300.0,22.0,9.233911267544432e-05
2363.0,300.0,23.0,4.888541259288228e-05
2364.0,300.0,24.0,4.888541259288228e-05
2365.0,300.0,25.0,2.1726850041281015e-05
2366.0,300.0,26.0,5.431712510320254e-06
2367.0,300.0,27.0,5.431712510320254e-06
2368.0,300.0,28.0,0.0
2369.0,300.0,29.0,0.0
2370.0,300.0,30.0,0.0
2371.0,300.0,31.0,0.0
2372.0,300.0,32.0,0.0
2373.0,300.0,33.0,0.0
2374.0,300.0,34.0,0.0
2375.0,300.0,35.0,0.0
2376.0,300.0,36.0,0.0
2377.0,300.0,37.0,0.0
2378.0,300.0,38.0,0.0
2379.0,305.0,0.0,8.14756876548038e-05
2380.0,305.0,1.0,0.00036935645070177727
2381.0,305.0,2.0,0.0005214444009907443
2382.0,305.0,3.0,0.0007875983139964368
2383.0,305.0,4.0,0.0008256203015686786
2384.0,305.0,5.0,0.0010537522270021291
2385.0,305.0,6.0,0.0011732499022291747
2386.0,305.0,7.0,0.0010863425020640508
2387.0,305.0,8.0,0.001216703602311737
2388.0,305.0,9.0,0.001135227914656933
2389.0,305.0,10.0,0.0010537522270021291
2390.0,305.0,11.0,0.0010211619519402077
2391.0,305.0,12.0,0.0009940033893886065
2392.0,305.0,13.0,0.0008038934515273976
2393.0,305.0,14.0,0.0007332811888932343
2394.0,305.0,15.0,0.0007658714639551558
2395.0,305.0,16.0,0.0005648981010733064
2396.0,305.0,17.0,0.0004725589883978621
2397.0,305.0,18.0,0.0003313344631295355
2398.0,305.0,19.0,0.00032047103810889496
2399.0,305.0,20.0,0.00017924651284056836
2400.0,305.0,21.0,0.00011949767522704558
2401.0,305.0,22.0,9.777082518576456e-05
2402.0,305.0,23.0,7.06122626341633e-05
2403.0,305.0,24.0,2.715856255160127e-05
2404.0,305.0,25.0,1.629513753096076e-05
2405.0,305.0,26.0,1.0863425020640507e-05
2406.0,305.0,27.0,5.431712510320254e-06
2407.0,305.0,28.0,1.629513753096076e-05
2408.0,305.0,29.0,0.0
2409.0,305.0,30.0,0.0
2410.0,305.0,31.0,0.0
2411.0,305.0,32.0,0.0
2412.0,305.0,33.0,0.0
2413.0,305.0,34.0,0.0
2414.0,305.0,35.0,0.0
2415.0,305.0,36.0,0.0
2416.0,305.0,37.0,0.0
2417.0,305.0,38.0,0.0
2418.0,310.0,0.0,9.777082518576456e-05
2419.0,310.0,1.0,0.000363924738191457
2420.0,310.0,2.0,0.0005323078260113848
2421.0,310.0,3.0,0.000749576326424195
2422.0,310.0,4.0,0.0007604397514448355
2423.0,310.0,5.0,0.0009070959892234823
2424.0,310.0,6.0,0.0011623864772085343
2425.0,310.0,7.0,0.0012927475774562203
2426.0,310.0,8.0,0.0011841133272498152
2427.0,310.0,9.0,0.0012112718898014167
2428.0,310.0,10.0,0.0012384304523530179
2429.0,310.0,11.0,0.0010537522270021291
2430.0,310.0,12.0,0.0011026376395950116
2431.0,310.0,13.0,0.0009396862642854039
2432.0,310.0,14.0,0.0009342545517750837
2433.0,310.0,15.0,0.0007930300265067571
2434.0,310.0,16.0,0.0007604397514448355
2435.0,310.0,17.0,0.0005757615260939469
2436.0,310.0,18.0,0.0005160126884804241
2437.0,310.0,19.0,0.0003313344631295355
2438.0,310.0,20.0,0.0002824490505366532
2439.0,310.0,21.0,0.00019554165037152912
2440.0,310.0,22.0,0.00016838308781992787
2441.0,310.0,23.0,0.00011406596271672534
2442.0,310.0,24.0,3.802198757224178e-05
2443.0,310.0,25.0,2.1726850041281015e-05
2444.0,310.0,26.0,1.629513753096076e-05
2445.0,310.0,27.0,0.0
2446.0,310.0,28.0,0.0
2447.0,310.0,29.0,5.431712510320254e-06
2448.0,310.0,30.0,5.431712510320254e-06
2449.0,310.0,31.0,0.0
2450.0,310.0,32.0,0.0
2451.0,310.0,33.0,0.0
2452.0,310.0,34.0,0.0
2453.0,310.0,35.0,0.0
2454.0,310.0,36.0,0.0
2455.0,310.0,37.0,0.0
2456.0,310.0,38.0,0.0
2457.0,315.0,0.0,0.00011949767522704558
2458.0,315.0,1.0,0.00034762960066049624
2459.0,315.0,2.0,0.0005648981010733064
2460.0,315.0,3.0,0.0007984617390170773
2461.0,315.0,4.0,0.0007006909138313127
2462.0,315.0,5.0,0.0010863425020640508
2463.0,315.0,6.0,0.0010428888019814887
2464.0,315.0,7.0,0.0014828575153174293
2465.0,315.0,8.0,0.0013524964150697432
2466.0,315.0,9.0,0.0013144744274975013
2467.0,315.0,10.0,0.0014176769651935862
2468.0,315.0,11.0,0.0014502672402555079
2469.0,315.0,12.0,0.0014448355277451876
2470.0,315.0,13.0,0.001368791552600704
2471.0,315.0,14.0,0.0010320253769608482
2472.0,315.0,15.0,0.0011243644896362925
2473.0,315.0,16.0,0.0009451179767957242
2474.0,315.0,17.0,0.0007767348889757962
2475.0,315.0,18.0,0.0005594663885629861
2476.0,315.0,19.0,0.000298744188067614
2477.0,315.0,20.0,0.0002009733628818494
2478.0,315.0,21.0,0.00017924651284056836
2479.0,315.0,22.0,0.00011949767522704558
2480.0,315.0,23.0,0.00011949767522704558
2481.0,315.0,24.0,4.345370008256203e-05
2482.0,315.0,25.0,5.431712510320254e-06
2483.0,315.0,26.0,2.1726850041281015e-05
2484.0,315.0,27.0,5.431712510320254e-06
2485.0,315.0,28.0,0.0
2486.0,315.0,29.0,0.0
2487.0,315.0,30.0,0.0
2488.0,315.0,31.0,0.0
2489.0,315.0,32.0,0.0
2490.0,315.0,33.0,0.0
2491.0,315.0,34.0,0.0
2492.0,315.0,35.0,0.0
2493.0,315.0,36.0,0.0
2494.0,315.0,37.0,0.0
2495.0,315.0,38.0,0.0
2496.0,320.0,0.0,7.604397514448356e-05
2497.0,320.0,1.0,0.00030417590057793423
2498.0,320.0,2.0,0.0005431712510320254
2499.0,320.0,3.0,0.0006192152261765089
2500.0,320.0,4.0,0.000836483726589319
2501.0,320.0,5.0,0.0009668448268370051
2502.0,320.0,6.0,0.0011841133272498152
2503.0,320.0,7.0,0.001477425802807109
2504.0,320.0,8.0,0.0016132186155651154
2505.0,320.0,9.0,0.0016458088906270369
2506.0,320.0,10.0,0.0017653065658540825
2507.0,320.0,11.0,0.0016566723156476774
2508.0,320.0,12.0,0.0017218528657715205
2509.0,320.0,13.0,0.0013850866901316647
2510.0,320.0,14.0,0.0012221353148220572
2511.0,320.0,15.0,0.0010972059270846913
2512.0,320.0,16.0,0.0008962325642028418
2513.0,320.0,17.0,0.0007332811888932343
2514.0,320.0,18.0,0.0004997175509494634
2515.0,320.0,19.0,0.000298744188067614
2516.0,320.0,20.0,0.00022813192543345067
2517.0,320.0,21.0,0.00015751966279928736
2518.0,320.0,22.0,0.0001412245252683266
2519.0,320.0,23.0,8.690740016512406e-05
2520.0,320.0,24.0,6.518055012384304e-05
2521.0,320.0,25.0,2.1726850041281015e-05
2522.0,320.0,26.0,5.431712510320254e-06
2523.0,320.0,27.0,2.715856255160127e-05
2524.0,320.0,28.0,1.629513753096076e-05
2525.0,320.0,29.0,1.0863425020640507e-05
2526.0,320.0,30.0,5.431712510320254e-06
2527.0,320.0,31.0,0.0
2528.0,320.0,32.0,0.0
2529.0,320.0,33.0,0.0
2530.0,320.0,34.0,0.0
2531.0,320.0,35.0,0.0
2532.0,320.0,36.0,0.0
2533.0,320.0,37.0,0.0
2534.0,320.0,38.0,0.0
2535.0,325.0,0.0,6.518055012384304e-05
2536.0,325.0,1.0,0.000342197888150176
2537.0,325.0,2.0,0.00046712727588754183
2538.0,325.0,3.0,0.000749576326424195
2539.0,325.0,4.0,0.0009070959892234823
2540.0,325.0,5.0,0.001194976752270456
2541.0,325.0,6.0,0.0013036110024768608
2542.0,325.0,7.0,0.0015317429279103115
2543.0,325.0,8.0,0.0016186503280754356
2544.0,325.0,9.0,0.0016675357406683178
2545.0,325.0,10.0,0.0016566723156476774
2546.0,325.0,11.0,0.0017218528657715205
2547.0,325.0,12.0,0.0015100160778690305
2548.0,325.0,13.0,0.0012547255898839786
2549.0,325.0,14.0,0.0010102985269195672
2550.0,325.0,15.0,0.0008473471516099595
2551.0,325.0,16.0,0.0006137835136661887
2552.0,325.0,17.0,0.0004997175509494634
2553.0,325.0,18.0,0.000298744188067614
2554.0,325.0,19.0,0.00023356363794377092
2555.0,325.0,20.0,0.00017924651284056836
2556.0,325.0,21.0,0.00011949767522704558
2557.0,325.0,22.0,9.233911267544432e-05
2558.0,325.0,23.0,4.888541259288228e-05
2559.0,325.0,24.0,2.715856255160127e-05
2560.0,325.0,25.0,3.802198757224178e-05
2561.0,325.0,26.0,2.1726850041281015e-05
2562.0,325.0,27.0,2.1726850041281015e-05
2563.0,325.0,28.0,1.0863425020640507e-05
2564.0,325.0,29.0,0.0
2565.0,325.0,30.0,0.0
2566.0,325.0,31.0,5.431712510320254e-06
2567.0,325.0,32.0,0.0
2568.0,325.0,33.0,0.0
2569.0,325.0,34.0,0.0
2570.0,325.0,35.0,0.0
2571.0,325.0,36.0,0.0
2572.0,325.0,37.0,0.0
2573.0,325.0,38.0,0.0
2574.0,330.0,0.0,5.974883761352279e-05
2575.0,330.0,1.0,0.00030960761308825447
2576.0,330.0,2.0,0.0006192152261765089
2577.0,330.0,3.0,0.0006192152261765089
2578.0,330.0,4.0,0.0008962325642028418
2579.0,330.0,5.0,0.001026593664450528
2580.0,330.0,6.0,0.0011297962021466128
2581.0,330.0,7.0,0.001368791552600704
2582.0,330.0,8.0,0.0015534697779515925
2583.0,330.0,9.0,0.0016295137530960761
2584.0,330.0,10.0,0.00171098944075088
2585.0,330.0,11.0,0.0015480380654412723
2586.0,330.0,12.0,0.0013796549776213445
2587.0,330.0,13.0,0.0010374570894711684
2588.0,330.0,14.0,0.0009179594142441229
2589.0,330.0,15.0,0.0008256203015686786
2590.0,330.0,16.0,0.0005540346760526659
2591.0,330.0,17.0,0.0003150393255985747
2592.0,330.0,18.0,0.0002552904879850519
2593.0,330.0,19.0,0.00016838308781992787
2594.0,330.0,20.0,0.00017924651284056836
2595.0,330.0,21.0,0.00013579281275800635
2596.0,330.0,22.0,3.802198757224178e-05
2597.0,330.0,23.0,4.345370008256203e-05
2598.0,330.0,24.0,2.1726850041281015e-05
2599.0,330.0,25.0,2.1726850041281015e-05
2600.0,330.0,26.0,5.431712510320254e-06
2601.0,330.0,27.0,2.1726850041281015e-05
2602.0,330.0,28.0,1.0863425020640507e-05
2603.0,330.0,29.0,1.629513753096076e-05
2604.0,330.0,30.0,5.431712510320254e-06
2605.0,330.0,31.0,0.0
2606.0,330.0,32.0,0.0
2607.0,330.0,33.0,0.0
2608.0,330.0,34.0,0.0
2609.0,330.0,35.0,0.0
2610.0,330.0,36.0,0.0
2611.0,330.0,37.0,0.0
2612.0,330.0,38.0,0.0
2613.0,335.0,0.0,7.06122626341633e-05
2614.0,335.0,1.0,0.0002715856255160127
2615.0,335.0,2.0,0.0005866249511145874
2616.0,335.0,3.0,0.0007332811888932343
2617.0,335.0,4.0,0.0009125277017338027
2618.0,335.0,5.0,0.0013199061400078218
2619.0,335.0,6.0,0.0012547255898839786
2620.0,335.0,7.0,0.0015154477903793508
2621.0,335.0,8.0,0.0016132186155651154
2622.0,335.0,9.0,0.0018304871159779256
2623.0,335.0,10.0,0.0016295137530960761
2624.0,335.0,11.0,0.0014394038152348671
2625.0,335.0,12.0,0.0012601573023942989
2626.0,335.0,13.0,0.001194976752270456
2627.0,335.0,14.0,0.0009505496893060444
2628.0,335.0,15.0,0.0006789640637900317
2629.0,335.0,16.0,0.00038021987572241776
2630.0,335.0,17.0,0.0003150393255985747
2631.0,335.0,18.0,0.0002661539130056924
2632.0,335.0,19.0,0.00019010993786120888
2633.0,335.0,20.0,0.0002009733628818494
2634.0,335.0,21.0,0.00013036110024768608
2635.0,335.0,22.0,7.604397514448356e-05
2636.0,335.0,23.0,4.345370008256203e-05
2637.0,335.0,24.0,2.1726850041281015e-05
2638.0,335.0,25.0,1.629513753096076e-05
2639.0,335.0,26.0,1.0863425020640507e-05
2640.0,335.0,27.0,1.0863425020640507e-05
2641.0,335.0,28.0,0.0
2642.0,335.0,29.0,5.431712510320254e-06
2643.0,335.0,30.0,0.0
2644.0,335.0,31.0,0.0
2645.0,335.0,32.0,0.0
2646.0,335.0,33.0,0.0
2647.0,335.0,34.0,0.0
2648.0,335.0,35.0,0.0
2649.0,335.0,36.0,0.0
2650.0,335.0,37.0,0.0
2651.0,335.0,38.0,0.0
2652.0,340.0,0.0,9.233911267544432e-05
2653.0,340.0,1.0,0.00028788076304697344
2654.0,340.0,2.0,0.00045626385086690134
2655.0,340.0,3.0,0.0007441446139138748
2656.0,340.0,4.0,0.001026593664450528
2657.0,340.0,5.0,0.0010374570894711684
2658.0,340.0,6.0,0.0013307695650284623
2659.0,340.0,7.0,0.0014176769651935862
2660.0,340.0,8.0,0.0015317429279103115
2661.0,340.0,9.0,0.001347064702559423
2662.0,340.0,10.0,0.0013850866901316647
2663.0,340.0,11.0,0.001433972102724547
2664.0,340.0,12.0,0.0012112718898014167
2665.0,340.0,13.0,0.0010809107895537306
2666.0,340.0,14.0,0.0008799374266718811
2667.0,340.0,15.0,0.000662668926259071
2668.0,340.0,16.0,0.0004019467257636988
2669.0,340.0,17.0,0.00036935645070177727
2670.0,340.0,18.0,0.00030417590057793423
2671.0,340.0,19.0,0.00017381480033024812
2672.0,340.0,20.0,0.00010320253769608482
2673.0,340.0,21.0,9.777082518576456e-05
2674.0,340.0,22.0,7.604397514448356e-05
2675.0,340.0,23.0,4.888541259288228e-05
2676.0,340.0,24.0,4.345370008256203e-05
2677.0,340.0,25.0,1.0863425020640507e-05
2678.0,340.0,26.0,2.1726850041281015e-05
2679.0,340.0,27.0,5.431712510320254e-06
2680.0,340.0,28.0,2.715856255160127e-05
2681.0,340.0,29.0,5.431712510320254e-06
2682.0,340.0,30.0,0.0
2683.0,340.0,31.0,5.431712510320254e-06
2684.0,340.0,32.0,0.0
2685.0,340.0,33.0,0.0
2686.0,340.0,34.0,0.0
2687.0,340.0,35.0,0.0
2688.0,340.0,36.0,0.0
2689.0,340.0,37.0,0.0
2690.0,340.0,38.0,0.0
2691.0,345.0,0.0,7.604397514448356e-05
2692.0,345.0,1.0,0.00030417590057793423
2693.0,345.0,2.0,0.00048342241341850256
2694.0,345.0,3.0,0.0007006909138313127
2695.0,345.0,4.0,0.0010863425020640508
2696.0,345.0,5.0,0.0011515230521878938
2697.0,345.0,6.0,0.0011189327771259723
2698.0,345.0,7.0,0.0013524964150697432
2699.0,345.0,8.0,0.001368791552600704
2700.0,345.0,9.0,0.001564333202972233
2701.0,345.0,10.0,0.0015154477903793508
2702.0,345.0,11.0,0.0013416329900491028
2703.0,345.0,12.0,0.0011460913396775735
2704.0,345.0,13.0,0.0008473471516099595
2705.0,345.0,14.0,0.0007441446139138748
2706.0,345.0,15.0,0.0006300786511971494
2707.0,345.0,16.0,0.00039108330074305825
2708.0,345.0,17.0,0.0003530613131708165
2709.0,345.0,18.0,0.0002715856255160127
2710.0,345.0,19.0,0.00016838308781992787
2711.0,345.0,20.0,0.00014665623777864684
2712.0,345.0,21.0,5.974883761352279e-05
2713.0,345.0,22.0,5.974883761352279e-05
2714.0,345.0,23.0,4.345370008256203e-05
2715.0,345.0,24.0,3.259027506192152e-05
2716.0,345.0,25.0,1.0863425020640507e-05
2717.0,345.0,26.0,5.431712510320254e-06
2718.0,345.0,27.0,5.431712510320254e-06
2719.0,345.0,28.0,1.629513753096076e-05
2720.0,345.0,29.0,2.715856255160127e-05
2721.0,345.0,30.0,5.431712510320254e-06
2722.0,345.0,31.0,1.0863425020640507e-05
2723.0,345.0,32.0,0.0
2724.0,345.0,33.0,0.0
2725.0,345.0,34.0,0.0
2726.0,345.0,35.0,0.0
2727.0,345.0,36.0,0.0
2728.0,345.0,37.0,0.0
2729.0,345.0,38.0,0.0
2730.0,350.0,0.0,8.690740016512406e-05
2731.0,350.0,1.0,0.00023356363794377092
2732.0,350.0,2.0,0.0005160126884804241
2733.0,350.0,3.0,0.0007604397514448355
2734.0,350.0,4.0,0.001048320514491809
2735.0,350.0,5.0,0.0011460913396775735
2736.0,350.0,6.0,0.0012818841524355798
2737.0,350.0,7.0,0.0012329987398426976
2738.0,350.0,8.0,0.0012873158649459
2739.0,350.0,9.0,0.0012112718898014167
2740.0,350.0,10.0,0.0012112718898014167
2741.0,350.0,11.0,0.0012384304523530179
2742.0,350.0,12.0,0.0011243644896362925
2743.0,350.0,13.0,0.0009614131143266849
2744.0,350.0,14.0,0.0007224177638725938
2745.0,350.0,15.0,0.0005160126884804241
2746.0,350.0,16.0,0.0004128101507843393
2747.0,350.0,17.0,0.000342197888150176
2748.0,350.0,18.0,0.00022813192543345067
2749.0,350.0,19.0,0.00019010993786120888
2750.0,350.0,20.0,0.00013579281275800635
2751.0,350.0,21.0,0.00010320253769608482
2752.0,350.0,22.0,3.802198757224178e-05
2753.0,350.0,23.0,2.715856255160127e-05
2754.0,350.0,24.0,2.1726850041281015e-05
2755.0,350.0,25.0,1.0863425020640507e-05
2756.0,350.0,26.0,1.629513753096076e-05
2757.0,350.0,27.0,2.1726850041281015e-05
2758.0,350.0,28.0,5.431712510320254e-06
2759.0,350.0,29.0,2.1726850041281015e-05
2760.0,350.0,30.0,1.629513753096076e-05
2761.0,350.0,31.0,0.0
2762.0,350.0,32.0,5.431712510320254e-06
2763.0,350.0,33.0,0.0
2764.0,350.0,34.0,0.0
2765.0,350.0,35.0,0.0
2766.0,350.0,36.0,0.0
2767.0,350.0,37.0,0.0
2768.0,350.0,38.0,0.0
